#usda 1.0
(
    doc = """VALLE DORADO HIGOS — 정상품.

    normal_can/burst_can 과 **치수·질량·충돌 형상이 완전히 같다.** 라벨 도안만
    다르다 (tools/can_designs.py). 정책이 캔 종류에 따라 다르게 잡을 이유가
    없어야 하므로, 종류를 늘릴 때 물성은 건드리지 않는다.

    짝은 fig_can_burst 다. 둘은 같은 라벨 이미지를 쓴다 — 파열품만 라벨이 다르면
    정책이 결함이 아니라 그림을 외워서 골라내게 된다.

    이 파일은 tools/make_cans.py 가 생성한다. 형상을 바꾸려면 USDA 를 직접 고치지
    말고 생성기를 고쳐서 두 캔을 함께 다시 만들 것 — 짝이 어긋나면 대조군의
    의미가 없어진다.

    원점은 바운딩박스 중심이다. franka_env/conveyor.py 가 물체의 반높이를 재서
    "벨트에 얹힌 높이"를 계산하는데 그 계산이 원점=중심을 전제한다.
    """
    defaultPrim = "fig_can"
    metersPerUnit = 1
    upAxis = "Z"
)

def Xform "fig_can" (
    prepend apiSchemas = ["PhysicsRigidBodyAPI", "PhysicsMassAPI"]
)
{
    float physics:mass = 0.4

    def Scope "Looks"
    {
        def Material "Steel"
        {
            token outputs:mdl:displacement.connect = </fig_can/Looks/Steel/Shader.outputs:out>
            token outputs:mdl:surface.connect = </fig_can/Looks/Steel/Shader.outputs:out>
            token outputs:mdl:volume.connect = </fig_can/Looks/Steel/Shader.outputs:out>

            def Shader "Shader"
            {
                uniform token info:implementationSource = "sourceAsset"
                uniform asset info:mdl:sourceAsset = @OmniPBR.mdl@
                uniform token info:mdl:sourceAsset:subIdentifier = "OmniPBR"
                color3f inputs:diffuse_color_constant = (0.7, 0.71, 0.73)
                float inputs:metallic_constant = 0.88
                float inputs:reflection_roughness_constant = 0.3
                token outputs:out (renderType = "material")
            }
        }

        def Material "CanLabel"
        {
            token outputs:mdl:displacement.connect = </fig_can/Looks/CanLabel/Shader.outputs:out>
            token outputs:mdl:surface.connect = </fig_can/Looks/CanLabel/Shader.outputs:out>
            token outputs:mdl:volume.connect = </fig_can/Looks/CanLabel/Shader.outputs:out>

            def Shader "Shader"
            {
                uniform token info:implementationSource = "sourceAsset"
                uniform asset info:mdl:sourceAsset = @OmniPBR.mdl@
                uniform token info:mdl:sourceAsset:subIdentifier = "OmniPBR"
                color3f inputs:diffuse_color_constant = (0.055, 0.231, 0.361)
                asset inputs:diffuse_texture = @./textures/fig_can_label.png@ (
                    colorSpace = "sRGB"
                )
                float inputs:metallic_constant = 0.05
                float inputs:reflection_roughness_constant = 0.52
                token outputs:out (renderType = "material")
            }
        }

        def Material "TornEdge"
        {
            token outputs:mdl:displacement.connect = </fig_can/Looks/TornEdge/Shader.outputs:out>
            token outputs:mdl:surface.connect = </fig_can/Looks/TornEdge/Shader.outputs:out>
            token outputs:mdl:volume.connect = </fig_can/Looks/TornEdge/Shader.outputs:out>

            def Shader "Shader"
            {
                uniform token info:implementationSource = "sourceAsset"
                uniform asset info:mdl:sourceAsset = @OmniPBR.mdl@
                uniform token info:mdl:sourceAsset:subIdentifier = "OmniPBR"
                color3f inputs:diffuse_color_constant = (0.8, 0.81, 0.83)
                float inputs:metallic_constant = 0.92
                float inputs:reflection_roughness_constant = 0.22
                token outputs:out (renderType = "material")
            }
        }

        def Material "Contents"
        {
            token outputs:mdl:displacement.connect = </fig_can/Looks/Contents/Shader.outputs:out>
            token outputs:mdl:surface.connect = </fig_can/Looks/Contents/Shader.outputs:out>
            token outputs:mdl:volume.connect = </fig_can/Looks/Contents/Shader.outputs:out>

            def Shader "Shader"
            {
                uniform token info:implementationSource = "sourceAsset"
                uniform asset info:mdl:sourceAsset = @OmniPBR.mdl@
                uniform token info:mdl:sourceAsset:subIdentifier = "OmniPBR"
                color3f inputs:diffuse_color_constant = (0.4, 0.26, 0.12)
                float inputs:metallic_constant = 0.0
                float inputs:reflection_roughness_constant = 0.88
                token outputs:out (renderType = "material")
            }
        }

        def Material "RimBand"
        {
            token outputs:mdl:displacement.connect = </fig_can/Looks/RimBand/Shader.outputs:out>
            token outputs:mdl:surface.connect = </fig_can/Looks/RimBand/Shader.outputs:out>
            token outputs:mdl:volume.connect = </fig_can/Looks/RimBand/Shader.outputs:out>

            def Shader "Shader"
            {
                uniform token info:implementationSource = "sourceAsset"
                uniform asset info:mdl:sourceAsset = @OmniPBR.mdl@
                uniform token info:mdl:sourceAsset:subIdentifier = "OmniPBR"
                color3f inputs:diffuse_color_constant = (0.0, 0.9, 0.2)
                float inputs:metallic_constant = 0.0
                float inputs:reflection_roughness_constant = 0.45
                token outputs:out (renderType = "material")
            }
        }
    }

    def Mesh "shell" (
        prepend apiSchemas = ["PhysicsCollisionAPI", "PhysicsMeshCollisionAPI", "MaterialBindingAPI"]
    )
    {
        int[] faceVertexCounts = [4, 4, 4, 4, 4, 4, 4, 4, 4, 4, 4, 4, 4, 4, 4, 4, 4, 4, 4, 4, 4, 4, 4, 4, 4, 4, 4, 4, 4, 4, 4, 4, 4, 4, 4, 4, 4, 4, 4, 4, 4, 4, 4, 4, 4, 4, 4, 4, 4, 4, 4, 4, 4, 4, 4, 4, 4, 4, 4, 4, 4, 4, 4, 4, 4, 4, 4, 4, 4, 4, 4, 4, 4, 4, 4, 4, 4, 4, 4, 4, 4, 4, 4, 4, 4, 4, 4, 4, 4, 4, 4, 4, 4, 4, 4, 4, 4, 4, 4, 4, 4, 4, 4, 4, 4, 4, 4, 4, 4, 4, 4, 4, 4, 4, 4, 4, 4, 4, 4, 4, 4, 4, 4, 4, 4, 4, 4, 4, 4, 4, 4, 4, 4, 4, 4, 4, 4, 4, 4, 4, 4, 4, 4, 4, 4, 4, 4, 4, 4, 4, 4, 4, 4, 4, 4, 4, 4, 4, 4, 4, 4, 4, 4, 4, 4, 4, 4, 4, 4, 4, 4, 4, 4, 4, 4, 4, 4, 4, 4, 4, 4, 4, 4, 4, 4, 4, 4, 4, 4, 4, 4, 4, 4, 4, 4, 4, 4, 4, 4, 4, 4, 4, 4, 4, 4, 4, 4, 4, 4, 4, 4, 4, 4, 4, 4, 4, 4, 4, 4, 4, 4, 4, 4, 4, 4, 4, 4, 4, 4, 4, 4, 4, 4, 4, 4, 4, 4, 4, 4, 4, 4, 4, 4, 4, 4, 4, 4, 4, 4, 4, 4, 4, 4, 4, 4, 4, 4, 4, 4, 4, 4, 4, 4, 4, 4, 4, 4, 4, 4, 4, 4, 4, 4, 4, 4, 4, 4, 4, 4, 4, 4, 4, 4, 4, 4, 4, 4, 4, 4, 4, 4, 4, 4, 4, 4, 4, 4, 4, 4, 4, 4, 4, 4, 4, 4, 4, 4, 4, 4, 4, 4, 4, 4, 4, 4, 4, 4, 4, 4, 4, 4, 4, 4, 4, 4, 4, 4, 4, 4, 4, 4, 4, 4, 4, 4, 4, 4, 4, 4, 4, 4, 4, 4, 4, 4, 4, 4, 4, 4, 4, 4, 4, 4, 4, 4, 4, 4, 4, 4, 4, 4, 4, 4, 4, 4, 4, 4, 4, 4, 4, 4, 4, 4, 4, 4, 4, 4, 4, 4, 4, 4, 4, 4, 4, 4, 4, 4, 4, 4, 4, 4, 4, 4, 4, 4, 4, 4, 4, 4, 4, 4, 4, 4, 4, 4, 4, 4, 4, 4, 4, 4, 4, 4, 4, 4, 4, 4, 4, 4, 4, 4, 4, 4, 4, 4, 4, 4, 4, 4, 4, 4, 4, 4, 4, 4, 4, 4, 4, 4, 4, 4, 4, 4, 4, 4, 4, 4, 4, 4, 4, 4, 4, 4, 4, 4, 4, 4, 4, 4, 4, 4, 4, 4, 4, 4, 4, 4, 4, 4, 4, 4, 4, 4, 4, 4, 4, 4, 4, 4, 4, 4, 4, 4, 4, 4, 4, 4, 4, 4, 4, 4, 4, 4, 4, 4, 4, 4, 4, 4, 4, 4, 4, 4, 4, 4, 4, 4, 4, 4, 4, 4, 4, 4, 4, 4, 4, 4, 4, 4, 4, 4, 4, 4, 4, 4, 4, 4, 4, 4, 4, 4, 4, 4, 4, 4, 4, 4, 4, 4, 4, 4, 4, 4, 4, 4, 4, 4, 4, 4, 4, 4, 4, 4, 4, 4, 4, 4, 4, 4, 4, 4, 4, 4, 4, 4, 4, 4, 4, 4, 4, 4, 4, 4, 4, 4, 4, 4, 4, 4, 4, 4, 4, 4, 4, 4, 4, 4, 4, 4, 4, 4, 4, 4, 4, 4, 4, 4, 4, 4, 4, 4, 4, 4, 4, 4, 4, 4, 4, 4, 4, 4, 4, 4, 4, 4, 4, 4, 4, 4, 4, 4, 4, 4, 4, 4, 4, 4, 4, 4, 4, 4, 4, 4, 4, 4, 4, 4, 4, 4, 4, 4, 4, 4, 4, 4, 4, 4, 4, 4, 4, 4, 4, 4, 4, 4, 4, 4, 4, 4, 4, 4, 4, 4, 4, 4, 4, 4, 4, 4, 4, 4, 4, 4, 4, 4, 4, 4, 4, 4, 4, 4, 4, 4, 4, 4, 4, 4, 4, 4, 4, 4, 4, 4, 4, 4, 4, 4, 4, 4, 4, 4, 4, 4, 4, 4, 4, 4, 4, 4, 4, 4, 4, 4, 4, 4, 4, 4, 4, 4, 4, 4, 4, 4, 4, 4, 4, 4, 4, 4, 4, 4, 4, 4, 4, 4, 4, 4, 4, 4, 4, 4, 4, 4, 4, 4, 4, 4, 4, 4, 4, 4, 4, 4, 4, 4, 4, 4, 4, 4, 4, 4, 4, 4, 4, 4, 4, 4, 4, 4, 4, 4, 4, 4, 4, 4, 4, 4, 4, 4, 4, 4, 4, 4, 4, 4, 4, 4, 4, 4, 4, 4, 4, 4, 4, 4, 4, 4, 4, 4, 4, 4, 4, 4, 4, 4, 4, 4, 4, 4, 4, 4, 4, 4, 4, 4, 4, 4, 4, 4, 4, 4, 4, 4, 4, 4, 4, 4, 4, 4, 4, 4, 4, 4, 4, 4, 4, 4, 4, 4, 4, 4, 4, 4, 4, 4, 4, 4, 4, 4, 4, 4, 4, 4, 4, 4, 4, 4, 4, 4, 4, 4, 4, 4, 4, 4, 4, 4, 4, 4, 4, 4, 4, 4, 4, 4, 4, 4, 4, 4, 4, 4, 4, 4, 4, 4, 4, 4, 4, 4, 4, 4, 4, 4, 4, 4, 4, 4, 4, 4, 4, 4, 4, 4, 4, 4, 4, 4, 4, 4, 4, 4, 4, 4, 4, 4, 4, 4, 4, 4, 4, 4, 4, 4, 4, 4, 4, 4, 4, 4, 4, 4, 4, 4, 4, 4, 4, 4, 4, 4, 4, 4, 4, 4, 4, 4, 4, 4, 4, 4, 4, 4, 4, 4, 4, 4, 4, 4, 4, 4, 4, 4, 4, 4, 4, 4, 4, 4, 4, 4, 4, 4, 4, 4, 4, 4, 4, 4, 4, 4, 4, 4, 4, 4, 4, 4, 4, 4, 4, 4, 4, 4, 4, 4, 4, 4, 4, 4, 4, 4, 4, 4, 4, 4, 4, 4, 4, 4, 4, 4, 4, 4, 4, 4, 4, 4, 4, 4, 4, 4, 4, 4, 4, 4, 4, 4, 4, 4, 4, 4, 4, 4, 4, 4, 4, 4, 4, 4, 4, 4, 4, 4, 4, 4, 4, 4, 4, 4, 4, 4, 4, 4, 4, 4, 4, 4, 4, 4, 4, 4, 4, 4, 4, 4, 4, 4, 4, 4, 4, 4, 4, 4, 4, 4, 4, 4, 4, 4, 4, 4, 4, 4, 4, 4, 4, 4, 4, 4, 4, 4, 4, 4, 4, 4, 4, 4, 4, 4, 4, 4, 4, 4, 4, 4, 4, 4, 4, 4, 4, 4, 4, 4, 4, 4, 4, 4, 4, 4, 4, 4, 4, 4, 4, 4, 4, 4, 4, 4, 4, 4, 4, 4, 4, 4, 4, 4, 4, 4, 4, 4, 4, 4, 4, 4, 4, 4, 4, 4, 4, 4, 4, 4, 4, 4, 4, 4, 4, 4, 4, 4, 4, 4, 4, 4, 4, 4, 4, 4, 4, 4, 4, 4, 4, 4, 4, 4, 4, 4, 4, 4, 4, 4, 4, 4, 4, 4, 4, 4, 4, 4, 4, 4, 4, 4, 4, 4, 4, 4, 4, 4, 4, 4, 4, 4, 4, 4, 4, 4, 4, 4, 4, 4, 4, 4, 4, 4, 4, 4, 4, 4, 4, 4, 4, 4, 4, 4, 4, 4, 4, 4, 4, 4, 4, 4, 4, 4, 4, 4, 4, 4, 4, 4, 4, 4, 4, 4, 4, 4, 4, 4, 4, 4, 4, 4, 4, 4, 4, 4, 4, 4, 4, 4, 4, 4, 4, 4, 4, 4, 4, 4, 4, 4, 4, 4, 4, 4, 4, 4, 4, 4, 4, 4, 4, 4, 4, 4, 4, 4, 4, 4, 4, 4, 4, 4, 4, 4, 4, 3, 3, 3, 3, 3, 3, 3, 3, 3, 3, 3, 3, 3, 3, 3, 3, 3, 3, 3, 3, 3, 3, 3, 3, 3, 3, 3, 3, 3, 3, 3, 3, 3, 3, 3, 3, 3, 3, 3, 3, 3, 3, 3, 3, 3, 3, 3, 3, 3, 3, 3, 3, 3, 3, 3, 3, 3, 3, 3, 3, 3, 3, 3, 3, 3, 3, 3, 3, 3, 3, 3, 3, 4, 4, 4, 4, 4, 4, 4, 4, 4, 4, 4, 4, 4, 4, 4, 4, 4, 4, 4, 4, 4, 4, 4, 4, 4, 4, 4, 4, 4, 4, 4, 4, 4, 4, 4, 4, 4, 4, 4, 4, 4, 4, 4, 4, 4, 4, 4, 4, 4, 4, 4, 4, 4, 4, 4, 4, 4, 4, 4, 4, 4, 4, 4, 4, 4, 4, 4, 4, 4, 4, 4, 4, 4, 4, 4, 4, 4, 4, 4, 4, 4, 4, 4, 4, 4, 4, 4, 4, 4, 4, 4, 4, 4, 4, 4, 4, 4, 4, 4, 4, 4, 4, 4, 4, 4, 4, 4, 4, 4, 4, 4, 4, 4, 4, 4, 4, 4, 4, 4, 4, 4, 4, 4, 4, 4, 4, 4, 4, 4, 4, 4, 4, 4, 4, 4, 4, 4, 4, 4, 4, 4, 4, 4, 4, 4, 4, 4, 4, 4, 4, 4, 4, 4, 4, 4, 4, 4, 4, 4, 4, 4, 4, 4, 4, 4, 4, 4, 4, 4, 4, 4, 4, 4, 4, 4, 4, 4, 4, 4, 4, 4, 4, 4, 4, 4, 4, 4, 4, 4, 4, 4, 4, 4, 4, 4, 4, 4, 4, 4, 4, 4, 4, 4, 4, 4, 4, 4, 4, 4, 4, 4, 4, 4, 4, 4, 4, 4, 4, 4, 4, 4, 4, 4, 4, 4, 4, 4, 4, 4, 4, 4, 4, 4, 4, 4, 4, 4, 4, 4, 4, 4, 4, 4, 4, 4, 4, 4, 4, 4, 4, 4, 4, 4, 4, 4, 4, 4, 4, 4, 4, 4, 4, 4, 4, 4, 4, 4, 4, 4, 4, 4, 4, 4, 4, 4, 4, 4, 4, 4, 4, 4, 4, 4, 4, 4, 4, 4, 4, 3, 3, 3, 3, 3, 3, 3, 3, 3, 3, 3, 3, 3, 3, 3, 3, 3, 3, 3, 3, 3, 3, 3, 3, 3, 3, 3, 3, 3, 3, 3, 3, 3, 3, 3, 3, 3, 3, 3, 3, 3, 3, 3, 3, 3, 3, 3, 3, 3, 3, 3, 3, 3, 3, 3, 3, 3, 3, 3, 3, 3, 3, 3, 3, 3, 3, 3, 3, 3, 3, 3, 3]
        int[] faceVertexIndices = [0, 1, 73, 72, 1, 2, 74, 73, 2, 3, 75, 74, 3, 4, 76, 75, 4, 5, 77, 76, 5, 6, 78, 77, 6, 7, 79, 78, 7, 8, 80, 79, 8, 9, 81, 80, 9, 10, 82, 81, 10, 11, 83, 82, 11, 12, 84, 83, 12, 13, 85, 84, 13, 14, 86, 85, 14, 15, 87, 86, 15, 16, 88, 87, 16, 17, 89, 88, 17, 18, 90, 89, 18, 19, 91, 90, 19, 20, 92, 91, 20, 21, 93, 92, 21, 22, 94, 93, 22, 23, 95, 94, 23, 24, 96, 95, 24, 25, 97, 96, 25, 26, 98, 97, 26, 27, 99, 98, 27, 28, 100, 99, 28, 29, 101, 100, 29, 30, 102, 101, 30, 31, 103, 102, 31, 32, 104, 103, 32, 33, 105, 104, 33, 34, 106, 105, 34, 35, 107, 106, 35, 36, 108, 107, 36, 37, 109, 108, 37, 38, 110, 109, 38, 39, 111, 110, 39, 40, 112, 111, 40, 41, 113, 112, 41, 42, 114, 113, 42, 43, 115, 114, 43, 44, 116, 115, 44, 45, 117, 116, 45, 46, 118, 117, 46, 47, 119, 118, 47, 48, 120, 119, 48, 49, 121, 120, 49, 50, 122, 121, 50, 51, 123, 122, 51, 52, 124, 123, 52, 53, 125, 124, 53, 54, 126, 125, 54, 55, 127, 126, 55, 56, 128, 127, 56, 57, 129, 128, 57, 58, 130, 129, 58, 59, 131, 130, 59, 60, 132, 131, 60, 61, 133, 132, 61, 62, 134, 133, 62, 63, 135, 134, 63, 64, 136, 135, 64, 65, 137, 136, 65, 66, 138, 137, 66, 67, 139, 138, 67, 68, 140, 139, 68, 69, 141, 140, 69, 70, 142, 141, 70, 71, 143, 142, 71, 0, 72, 143, 72, 73, 145, 144, 73, 74, 146, 145, 74, 75, 147, 146, 75, 76, 148, 147, 76, 77, 149, 148, 77, 78, 150, 149, 78, 79, 151, 150, 79, 80, 152, 151, 80, 81, 153, 152, 81, 82, 154, 153, 82, 83, 155, 154, 83, 84, 156, 155, 84, 85, 157, 156, 85, 86, 158, 157, 86, 87, 159, 158, 87, 88, 160, 159, 88, 89, 161, 160, 89, 90, 162, 161, 90, 91, 163, 162, 91, 92, 164, 163, 92, 93, 165, 164, 93, 94, 166, 165, 94, 95, 167, 166, 95, 96, 168, 167, 96, 97, 169, 168, 97, 98, 170, 169, 98, 99, 171, 170, 99, 100, 172, 171, 100, 101, 173, 172, 101, 102, 174, 173, 102, 103, 175, 174, 103, 104, 176, 175, 104, 105, 177, 176, 105, 106, 178, 177, 106, 107, 179, 178, 107, 108, 180, 179, 108, 109, 181, 180, 109, 110, 182, 181, 110, 111, 183, 182, 111, 112, 184, 183, 112, 113, 185, 184, 113, 114, 186, 185, 114, 115, 187, 186, 115, 116, 188, 187, 116, 117, 189, 188, 117, 118, 190, 189, 118, 119, 191, 190, 119, 120, 192, 191, 120, 121, 193, 192, 121, 122, 194, 193, 122, 123, 195, 194, 123, 124, 196, 195, 124, 125, 197, 196, 125, 126, 198, 197, 126, 127, 199, 198, 127, 128, 200, 199, 128, 129, 201, 200, 129, 130, 202, 201, 130, 131, 203, 202, 131, 132, 204, 203, 132, 133, 205, 204, 133, 134, 206, 205, 134, 135, 207, 206, 135, 136, 208, 207, 136, 137, 209, 208, 137, 138, 210, 209, 138, 139, 211, 210, 139, 140, 212, 211, 140, 141, 213, 212, 141, 142, 214, 213, 142, 143, 215, 214, 143, 72, 144, 215, 144, 145, 217, 216, 145, 146, 218, 217, 146, 147, 219, 218, 147, 148, 220, 219, 148, 149, 221, 220, 149, 150, 222, 221, 150, 151, 223, 222, 151, 152, 224, 223, 152, 153, 225, 224, 153, 154, 226, 225, 154, 155, 227, 226, 155, 156, 228, 227, 156, 157, 229, 228, 157, 158, 230, 229, 158, 159, 231, 230, 159, 160, 232, 231, 160, 161, 233, 232, 161, 162, 234, 233, 162, 163, 235, 234, 163, 164, 236, 235, 164, 165, 237, 236, 165, 166, 238, 237, 166, 167, 239, 238, 167, 168, 240, 239, 168, 169, 241, 240, 169, 170, 242, 241, 170, 171, 243, 242, 171, 172, 244, 243, 172, 173, 245, 244, 173, 174, 246, 245, 174, 175, 247, 246, 175, 176, 248, 247, 176, 177, 249, 248, 177, 178, 250, 249, 178, 179, 251, 250, 179, 180, 252, 251, 180, 181, 253, 252, 181, 182, 254, 253, 182, 183, 255, 254, 183, 184, 256, 255, 184, 185, 257, 256, 185, 186, 258, 257, 186, 187, 259, 258, 187, 188, 260, 259, 188, 189, 261, 260, 189, 190, 262, 261, 190, 191, 263, 262, 191, 192, 264, 263, 192, 193, 265, 264, 193, 194, 266, 265, 194, 195, 267, 266, 195, 196, 268, 267, 196, 197, 269, 268, 197, 198, 270, 269, 198, 199, 271, 270, 199, 200, 272, 271, 200, 201, 273, 272, 201, 202, 274, 273, 202, 203, 275, 274, 203, 204, 276, 275, 204, 205, 277, 276, 205, 206, 278, 277, 206, 207, 279, 278, 207, 208, 280, 279, 208, 209, 281, 280, 209, 210, 282, 281, 210, 211, 283, 282, 211, 212, 284, 283, 212, 213, 285, 284, 213, 214, 286, 285, 214, 215, 287, 286, 215, 144, 216, 287, 216, 217, 289, 288, 217, 218, 290, 289, 218, 219, 291, 290, 219, 220, 292, 291, 220, 221, 293, 292, 221, 222, 294, 293, 222, 223, 295, 294, 223, 224, 296, 295, 224, 225, 297, 296, 225, 226, 298, 297, 226, 227, 299, 298, 227, 228, 300, 299, 228, 229, 301, 300, 229, 230, 302, 301, 230, 231, 303, 302, 231, 232, 304, 303, 232, 233, 305, 304, 233, 234, 306, 305, 234, 235, 307, 306, 235, 236, 308, 307, 236, 237, 309, 308, 237, 238, 310, 309, 238, 239, 311, 310, 239, 240, 312, 311, 240, 241, 313, 312, 241, 242, 314, 313, 242, 243, 315, 314, 243, 244, 316, 315, 244, 245, 317, 316, 245, 246, 318, 317, 246, 247, 319, 318, 247, 248, 320, 319, 248, 249, 321, 320, 249, 250, 322, 321, 250, 251, 323, 322, 251, 252, 324, 323, 252, 253, 325, 324, 253, 254, 326, 325, 254, 255, 327, 326, 255, 256, 328, 327, 256, 257, 329, 328, 257, 258, 330, 329, 258, 259, 331, 330, 259, 260, 332, 331, 260, 261, 333, 332, 261, 262, 334, 333, 262, 263, 335, 334, 263, 264, 336, 335, 264, 265, 337, 336, 265, 266, 338, 337, 266, 267, 339, 338, 267, 268, 340, 339, 268, 269, 341, 340, 269, 270, 342, 341, 270, 271, 343, 342, 271, 272, 344, 343, 272, 273, 345, 344, 273, 274, 346, 345, 274, 275, 347, 346, 275, 276, 348, 347, 276, 277, 349, 348, 277, 278, 350, 349, 278, 279, 351, 350, 279, 280, 352, 351, 280, 281, 353, 352, 281, 282, 354, 353, 282, 283, 355, 354, 283, 284, 356, 355, 284, 285, 357, 356, 285, 286, 358, 357, 286, 287, 359, 358, 287, 216, 288, 359, 288, 289, 361, 360, 289, 290, 362, 361, 290, 291, 363, 362, 291, 292, 364, 363, 292, 293, 365, 364, 293, 294, 366, 365, 294, 295, 367, 366, 295, 296, 368, 367, 296, 297, 369, 368, 297, 298, 370, 369, 298, 299, 371, 370, 299, 300, 372, 371, 300, 301, 373, 372, 301, 302, 374, 373, 302, 303, 375, 374, 303, 304, 376, 375, 304, 305, 377, 376, 305, 306, 378, 377, 306, 307, 379, 378, 307, 308, 380, 379, 308, 309, 381, 380, 309, 310, 382, 381, 310, 311, 383, 382, 311, 312, 384, 383, 312, 313, 385, 384, 313, 314, 386, 385, 314, 315, 387, 386, 315, 316, 388, 387, 316, 317, 389, 388, 317, 318, 390, 389, 318, 319, 391, 390, 319, 320, 392, 391, 320, 321, 393, 392, 321, 322, 394, 393, 322, 323, 395, 394, 323, 324, 396, 395, 324, 325, 397, 396, 325, 326, 398, 397, 326, 327, 399, 398, 327, 328, 400, 399, 328, 329, 401, 400, 329, 330, 402, 401, 330, 331, 403, 402, 331, 332, 404, 403, 332, 333, 405, 404, 333, 334, 406, 405, 334, 335, 407, 406, 335, 336, 408, 407, 336, 337, 409, 408, 337, 338, 410, 409, 338, 339, 411, 410, 339, 340, 412, 411, 340, 341, 413, 412, 341, 342, 414, 413, 342, 343, 415, 414, 343, 344, 416, 415, 344, 345, 417, 416, 345, 346, 418, 417, 346, 347, 419, 418, 347, 348, 420, 419, 348, 349, 421, 420, 349, 350, 422, 421, 350, 351, 423, 422, 351, 352, 424, 423, 352, 353, 425, 424, 353, 354, 426, 425, 354, 355, 427, 426, 355, 356, 428, 427, 356, 357, 429, 428, 357, 358, 430, 429, 358, 359, 431, 430, 359, 288, 360, 431, 360, 361, 433, 432, 361, 362, 434, 433, 362, 363, 435, 434, 363, 364, 436, 435, 364, 365, 437, 436, 365, 366, 438, 437, 366, 367, 439, 438, 367, 368, 440, 439, 368, 369, 441, 440, 369, 370, 442, 441, 370, 371, 443, 442, 371, 372, 444, 443, 372, 373, 445, 444, 373, 374, 446, 445, 374, 375, 447, 446, 375, 376, 448, 447, 376, 377, 449, 448, 377, 378, 450, 449, 378, 379, 451, 450, 379, 380, 452, 451, 380, 381, 453, 452, 381, 382, 454, 453, 382, 383, 455, 454, 383, 384, 456, 455, 384, 385, 457, 456, 385, 386, 458, 457, 386, 387, 459, 458, 387, 388, 460, 459, 388, 389, 461, 460, 389, 390, 462, 461, 390, 391, 463, 462, 391, 392, 464, 463, 392, 393, 465, 464, 393, 394, 466, 465, 394, 395, 467, 466, 395, 396, 468, 467, 396, 397, 469, 468, 397, 398, 470, 469, 398, 399, 471, 470, 399, 400, 472, 471, 400, 401, 473, 472, 401, 402, 474, 473, 402, 403, 475, 474, 403, 404, 476, 475, 404, 405, 477, 476, 405, 406, 478, 477, 406, 407, 479, 478, 407, 408, 480, 479, 408, 409, 481, 480, 409, 410, 482, 481, 410, 411, 483, 482, 411, 412, 484, 483, 412, 413, 485, 484, 413, 414, 486, 485, 414, 415, 487, 486, 415, 416, 488, 487, 416, 417, 489, 488, 417, 418, 490, 489, 418, 419, 491, 490, 419, 420, 492, 491, 420, 421, 493, 492, 421, 422, 494, 493, 422, 423, 495, 494, 423, 424, 496, 495, 424, 425, 497, 496, 425, 426, 498, 497, 426, 427, 499, 498, 427, 428, 500, 499, 428, 429, 501, 500, 429, 430, 502, 501, 430, 431, 503, 502, 431, 360, 432, 503, 432, 433, 505, 504, 433, 434, 506, 505, 434, 435, 507, 506, 435, 436, 508, 507, 436, 437, 509, 508, 437, 438, 510, 509, 438, 439, 511, 510, 439, 440, 512, 511, 440, 441, 513, 512, 441, 442, 514, 513, 442, 443, 515, 514, 443, 444, 516, 515, 444, 445, 517, 516, 445, 446, 518, 517, 446, 447, 519, 518, 447, 448, 520, 519, 448, 449, 521, 520, 449, 450, 522, 521, 450, 451, 523, 522, 451, 452, 524, 523, 452, 453, 525, 524, 453, 454, 526, 525, 454, 455, 527, 526, 455, 456, 528, 527, 456, 457, 529, 528, 457, 458, 530, 529, 458, 459, 531, 530, 459, 460, 532, 531, 460, 461, 533, 532, 461, 462, 534, 533, 462, 463, 535, 534, 463, 464, 536, 535, 464, 465, 537, 536, 465, 466, 538, 537, 466, 467, 539, 538, 467, 468, 540, 539, 468, 469, 541, 540, 469, 470, 542, 541, 470, 471, 543, 542, 471, 472, 544, 543, 472, 473, 545, 544, 473, 474, 546, 545, 474, 475, 547, 546, 475, 476, 548, 547, 476, 477, 549, 548, 477, 478, 550, 549, 478, 479, 551, 550, 479, 480, 552, 551, 480, 481, 553, 552, 481, 482, 554, 553, 482, 483, 555, 554, 483, 484, 556, 555, 484, 485, 557, 556, 485, 486, 558, 557, 486, 487, 559, 558, 487, 488, 560, 559, 488, 489, 561, 560, 489, 490, 562, 561, 490, 491, 563, 562, 491, 492, 564, 563, 492, 493, 565, 564, 493, 494, 566, 565, 494, 495, 567, 566, 495, 496, 568, 567, 496, 497, 569, 568, 497, 498, 570, 569, 498, 499, 571, 570, 499, 500, 572, 571, 500, 501, 573, 572, 501, 502, 574, 573, 502, 503, 575, 574, 503, 432, 504, 575, 504, 505, 577, 576, 505, 506, 578, 577, 506, 507, 579, 578, 507, 508, 580, 579, 508, 509, 581, 580, 509, 510, 582, 581, 510, 511, 583, 582, 511, 512, 584, 583, 512, 513, 585, 584, 513, 514, 586, 585, 514, 515, 587, 586, 515, 516, 588, 587, 516, 517, 589, 588, 517, 518, 590, 589, 518, 519, 591, 590, 519, 520, 592, 591, 520, 521, 593, 592, 521, 522, 594, 593, 522, 523, 595, 594, 523, 524, 596, 595, 524, 525, 597, 596, 525, 526, 598, 597, 526, 527, 599, 598, 527, 528, 600, 599, 528, 529, 601, 600, 529, 530, 602, 601, 530, 531, 603, 602, 531, 532, 604, 603, 532, 533, 605, 604, 533, 534, 606, 605, 534, 535, 607, 606, 535, 536, 608, 607, 536, 537, 609, 608, 537, 538, 610, 609, 538, 539, 611, 610, 539, 540, 612, 611, 540, 541, 613, 612, 541, 542, 614, 613, 542, 543, 615, 614, 543, 544, 616, 615, 544, 545, 617, 616, 545, 546, 618, 617, 546, 547, 619, 618, 547, 548, 620, 619, 548, 549, 621, 620, 549, 550, 622, 621, 550, 551, 623, 622, 551, 552, 624, 623, 552, 553, 625, 624, 553, 554, 626, 625, 554, 555, 627, 626, 555, 556, 628, 627, 556, 557, 629, 628, 557, 558, 630, 629, 558, 559, 631, 630, 559, 560, 632, 631, 560, 561, 633, 632, 561, 562, 634, 633, 562, 563, 635, 634, 563, 564, 636, 635, 564, 565, 637, 636, 565, 566, 638, 637, 566, 567, 639, 638, 567, 568, 640, 639, 568, 569, 641, 640, 569, 570, 642, 641, 570, 571, 643, 642, 571, 572, 644, 643, 572, 573, 645, 644, 573, 574, 646, 645, 574, 575, 647, 646, 575, 504, 576, 647, 576, 577, 649, 648, 577, 578, 650, 649, 578, 579, 651, 650, 579, 580, 652, 651, 580, 581, 653, 652, 581, 582, 654, 653, 582, 583, 655, 654, 583, 584, 656, 655, 584, 585, 657, 656, 585, 586, 658, 657, 586, 587, 659, 658, 587, 588, 660, 659, 588, 589, 661, 660, 589, 590, 662, 661, 590, 591, 663, 662, 591, 592, 664, 663, 592, 593, 665, 664, 593, 594, 666, 665, 594, 595, 667, 666, 595, 596, 668, 667, 596, 597, 669, 668, 597, 598, 670, 669, 598, 599, 671, 670, 599, 600, 672, 671, 600, 601, 673, 672, 601, 602, 674, 673, 602, 603, 675, 674, 603, 604, 676, 675, 604, 605, 677, 676, 605, 606, 678, 677, 606, 607, 679, 678, 607, 608, 680, 679, 608, 609, 681, 680, 609, 610, 682, 681, 610, 611, 683, 682, 611, 612, 684, 683, 612, 613, 685, 684, 613, 614, 686, 685, 614, 615, 687, 686, 615, 616, 688, 687, 616, 617, 689, 688, 617, 618, 690, 689, 618, 619, 691, 690, 619, 620, 692, 691, 620, 621, 693, 692, 621, 622, 694, 693, 622, 623, 695, 694, 623, 624, 696, 695, 624, 625, 697, 696, 625, 626, 698, 697, 626, 627, 699, 698, 627, 628, 700, 699, 628, 629, 701, 700, 629, 630, 702, 701, 630, 631, 703, 702, 631, 632, 704, 703, 632, 633, 705, 704, 633, 634, 706, 705, 634, 635, 707, 706, 635, 636, 708, 707, 636, 637, 709, 708, 637, 638, 710, 709, 638, 639, 711, 710, 639, 640, 712, 711, 640, 641, 713, 712, 641, 642, 714, 713, 642, 643, 715, 714, 643, 644, 716, 715, 644, 645, 717, 716, 645, 646, 718, 717, 646, 647, 719, 718, 647, 576, 648, 719, 648, 649, 721, 720, 649, 650, 722, 721, 650, 651, 723, 722, 651, 652, 724, 723, 652, 653, 725, 724, 653, 654, 726, 725, 654, 655, 727, 726, 655, 656, 728, 727, 656, 657, 729, 728, 657, 658, 730, 729, 658, 659, 731, 730, 659, 660, 732, 731, 660, 661, 733, 732, 661, 662, 734, 733, 662, 663, 735, 734, 663, 664, 736, 735, 664, 665, 737, 736, 665, 666, 738, 737, 666, 667, 739, 738, 667, 668, 740, 739, 668, 669, 741, 740, 669, 670, 742, 741, 670, 671, 743, 742, 671, 672, 744, 743, 672, 673, 745, 744, 673, 674, 746, 745, 674, 675, 747, 746, 675, 676, 748, 747, 676, 677, 749, 748, 677, 678, 750, 749, 678, 679, 751, 750, 679, 680, 752, 751, 680, 681, 753, 752, 681, 682, 754, 753, 682, 683, 755, 754, 683, 684, 756, 755, 684, 685, 757, 756, 685, 686, 758, 757, 686, 687, 759, 758, 687, 688, 760, 759, 688, 689, 761, 760, 689, 690, 762, 761, 690, 691, 763, 762, 691, 692, 764, 763, 692, 693, 765, 764, 693, 694, 766, 765, 694, 695, 767, 766, 695, 696, 768, 767, 696, 697, 769, 768, 697, 698, 770, 769, 698, 699, 771, 770, 699, 700, 772, 771, 700, 701, 773, 772, 701, 702, 774, 773, 702, 703, 775, 774, 703, 704, 776, 775, 704, 705, 777, 776, 705, 706, 778, 777, 706, 707, 779, 778, 707, 708, 780, 779, 708, 709, 781, 780, 709, 710, 782, 781, 710, 711, 783, 782, 711, 712, 784, 783, 712, 713, 785, 784, 713, 714, 786, 785, 714, 715, 787, 786, 715, 716, 788, 787, 716, 717, 789, 788, 717, 718, 790, 789, 718, 719, 791, 790, 719, 648, 720, 791, 720, 721, 793, 792, 721, 722, 794, 793, 722, 723, 795, 794, 723, 724, 796, 795, 724, 725, 797, 796, 725, 726, 798, 797, 726, 727, 799, 798, 727, 728, 800, 799, 728, 729, 801, 800, 729, 730, 802, 801, 730, 731, 803, 802, 731, 732, 804, 803, 732, 733, 805, 804, 733, 734, 806, 805, 734, 735, 807, 806, 735, 736, 808, 807, 736, 737, 809, 808, 737, 738, 810, 809, 738, 739, 811, 810, 739, 740, 812, 811, 740, 741, 813, 812, 741, 742, 814, 813, 742, 743, 815, 814, 743, 744, 816, 815, 744, 745, 817, 816, 745, 746, 818, 817, 746, 747, 819, 818, 747, 748, 820, 819, 748, 749, 821, 820, 749, 750, 822, 821, 750, 751, 823, 822, 751, 752, 824, 823, 752, 753, 825, 824, 753, 754, 826, 825, 754, 755, 827, 826, 755, 756, 828, 827, 756, 757, 829, 828, 757, 758, 830, 829, 758, 759, 831, 830, 759, 760, 832, 831, 760, 761, 833, 832, 761, 762, 834, 833, 762, 763, 835, 834, 763, 764, 836, 835, 764, 765, 837, 836, 765, 766, 838, 837, 766, 767, 839, 838, 767, 768, 840, 839, 768, 769, 841, 840, 769, 770, 842, 841, 770, 771, 843, 842, 771, 772, 844, 843, 772, 773, 845, 844, 773, 774, 846, 845, 774, 775, 847, 846, 775, 776, 848, 847, 776, 777, 849, 848, 777, 778, 850, 849, 778, 779, 851, 850, 779, 780, 852, 851, 780, 781, 853, 852, 781, 782, 854, 853, 782, 783, 855, 854, 783, 784, 856, 855, 784, 785, 857, 856, 785, 786, 858, 857, 786, 787, 859, 858, 787, 788, 860, 859, 788, 789, 861, 860, 789, 790, 862, 861, 790, 791, 863, 862, 791, 720, 792, 863, 792, 793, 865, 864, 793, 794, 866, 865, 794, 795, 867, 866, 795, 796, 868, 867, 796, 797, 869, 868, 797, 798, 870, 869, 798, 799, 871, 870, 799, 800, 872, 871, 800, 801, 873, 872, 801, 802, 874, 873, 802, 803, 875, 874, 803, 804, 876, 875, 804, 805, 877, 876, 805, 806, 878, 877, 806, 807, 879, 878, 807, 808, 880, 879, 808, 809, 881, 880, 809, 810, 882, 881, 810, 811, 883, 882, 811, 812, 884, 883, 812, 813, 885, 884, 813, 814, 886, 885, 814, 815, 887, 886, 815, 816, 888, 887, 816, 817, 889, 888, 817, 818, 890, 889, 818, 819, 891, 890, 819, 820, 892, 891, 820, 821, 893, 892, 821, 822, 894, 893, 822, 823, 895, 894, 823, 824, 896, 895, 824, 825, 897, 896, 825, 826, 898, 897, 826, 827, 899, 898, 827, 828, 900, 899, 828, 829, 901, 900, 829, 830, 902, 901, 830, 831, 903, 902, 831, 832, 904, 903, 832, 833, 905, 904, 833, 834, 906, 905, 834, 835, 907, 906, 835, 836, 908, 907, 836, 837, 909, 908, 837, 838, 910, 909, 838, 839, 911, 910, 839, 840, 912, 911, 840, 841, 913, 912, 841, 842, 914, 913, 842, 843, 915, 914, 843, 844, 916, 915, 844, 845, 917, 916, 845, 846, 918, 917, 846, 847, 919, 918, 847, 848, 920, 919, 848, 849, 921, 920, 849, 850, 922, 921, 850, 851, 923, 922, 851, 852, 924, 923, 852, 853, 925, 924, 853, 854, 926, 925, 854, 855, 927, 926, 855, 856, 928, 927, 856, 857, 929, 928, 857, 858, 930, 929, 858, 859, 931, 930, 859, 860, 932, 931, 860, 861, 933, 932, 861, 862, 934, 933, 862, 863, 935, 934, 863, 792, 864, 935, 864, 865, 937, 936, 865, 866, 938, 937, 866, 867, 939, 938, 867, 868, 940, 939, 868, 869, 941, 940, 869, 870, 942, 941, 870, 871, 943, 942, 871, 872, 944, 943, 872, 873, 945, 944, 873, 874, 946, 945, 874, 875, 947, 946, 875, 876, 948, 947, 876, 877, 949, 948, 877, 878, 950, 949, 878, 879, 951, 950, 879, 880, 952, 951, 880, 881, 953, 952, 881, 882, 954, 953, 882, 883, 955, 954, 883, 884, 956, 955, 884, 885, 957, 956, 885, 886, 958, 957, 886, 887, 959, 958, 887, 888, 960, 959, 888, 889, 961, 960, 889, 890, 962, 961, 890, 891, 963, 962, 891, 892, 964, 963, 892, 893, 965, 964, 893, 894, 966, 965, 894, 895, 967, 966, 895, 896, 968, 967, 896, 897, 969, 968, 897, 898, 970, 969, 898, 899, 971, 970, 899, 900, 972, 971, 900, 901, 973, 972, 901, 902, 974, 973, 902, 903, 975, 974, 903, 904, 976, 975, 904, 905, 977, 976, 905, 906, 978, 977, 906, 907, 979, 978, 907, 908, 980, 979, 908, 909, 981, 980, 909, 910, 982, 981, 910, 911, 983, 982, 911, 912, 984, 983, 912, 913, 985, 984, 913, 914, 986, 985, 914, 915, 987, 986, 915, 916, 988, 987, 916, 917, 989, 988, 917, 918, 990, 989, 918, 919, 991, 990, 919, 920, 992, 991, 920, 921, 993, 992, 921, 922, 994, 993, 922, 923, 995, 994, 923, 924, 996, 995, 924, 925, 997, 996, 925, 926, 998, 997, 926, 927, 999, 998, 927, 928, 1000, 999, 928, 929, 1001, 1000, 929, 930, 1002, 1001, 930, 931, 1003, 1002, 931, 932, 1004, 1003, 932, 933, 1005, 1004, 933, 934, 1006, 1005, 934, 935, 1007, 1006, 935, 864, 936, 1007, 1008, 1009, 1, 0, 1009, 1010, 2, 1, 1010, 1011, 3, 2, 1011, 1012, 4, 3, 1012, 1013, 5, 4, 1013, 1014, 6, 5, 1014, 1015, 7, 6, 1015, 1016, 8, 7, 1016, 1017, 9, 8, 1017, 1018, 10, 9, 1018, 1019, 11, 10, 1019, 1020, 12, 11, 1020, 1021, 13, 12, 1021, 1022, 14, 13, 1022, 1023, 15, 14, 1023, 1024, 16, 15, 1024, 1025, 17, 16, 1025, 1026, 18, 17, 1026, 1027, 19, 18, 1027, 1028, 20, 19, 1028, 1029, 21, 20, 1029, 1030, 22, 21, 1030, 1031, 23, 22, 1031, 1032, 24, 23, 1032, 1033, 25, 24, 1033, 1034, 26, 25, 1034, 1035, 27, 26, 1035, 1036, 28, 27, 1036, 1037, 29, 28, 1037, 1038, 30, 29, 1038, 1039, 31, 30, 1039, 1040, 32, 31, 1040, 1041, 33, 32, 1041, 1042, 34, 33, 1042, 1043, 35, 34, 1043, 1044, 36, 35, 1044, 1045, 37, 36, 1045, 1046, 38, 37, 1046, 1047, 39, 38, 1047, 1048, 40, 39, 1048, 1049, 41, 40, 1049, 1050, 42, 41, 1050, 1051, 43, 42, 1051, 1052, 44, 43, 1052, 1053, 45, 44, 1053, 1054, 46, 45, 1054, 1055, 47, 46, 1055, 1056, 48, 47, 1056, 1057, 49, 48, 1057, 1058, 50, 49, 1058, 1059, 51, 50, 1059, 1060, 52, 51, 1060, 1061, 53, 52, 1061, 1062, 54, 53, 1062, 1063, 55, 54, 1063, 1064, 56, 55, 1064, 1065, 57, 56, 1065, 1066, 58, 57, 1066, 1067, 59, 58, 1067, 1068, 60, 59, 1068, 1069, 61, 60, 1069, 1070, 62, 61, 1070, 1071, 63, 62, 1071, 1072, 64, 63, 1072, 1073, 65, 64, 1073, 1074, 66, 65, 1074, 1075, 67, 66, 1075, 1076, 68, 67, 1076, 1077, 69, 68, 1077, 1078, 70, 69, 1078, 1079, 71, 70, 1079, 1008, 0, 71, 1008, 1009, 1081, 1080, 1009, 1010, 1082, 1081, 1010, 1011, 1083, 1082, 1011, 1012, 1084, 1083, 1012, 1013, 1085, 1084, 1013, 1014, 1086, 1085, 1014, 1015, 1087, 1086, 1015, 1016, 1088, 1087, 1016, 1017, 1089, 1088, 1017, 1018, 1090, 1089, 1018, 1019, 1091, 1090, 1019, 1020, 1092, 1091, 1020, 1021, 1093, 1092, 1021, 1022, 1094, 1093, 1022, 1023, 1095, 1094, 1023, 1024, 1096, 1095, 1024, 1025, 1097, 1096, 1025, 1026, 1098, 1097, 1026, 1027, 1099, 1098, 1027, 1028, 1100, 1099, 1028, 1029, 1101, 1100, 1029, 1030, 1102, 1101, 1030, 1031, 1103, 1102, 1031, 1032, 1104, 1103, 1032, 1033, 1105, 1104, 1033, 1034, 1106, 1105, 1034, 1035, 1107, 1106, 1035, 1036, 1108, 1107, 1036, 1037, 1109, 1108, 1037, 1038, 1110, 1109, 1038, 1039, 1111, 1110, 1039, 1040, 1112, 1111, 1040, 1041, 1113, 1112, 1041, 1042, 1114, 1113, 1042, 1043, 1115, 1114, 1043, 1044, 1116, 1115, 1044, 1045, 1117, 1116, 1045, 1046, 1118, 1117, 1046, 1047, 1119, 1118, 1047, 1048, 1120, 1119, 1048, 1049, 1121, 1120, 1049, 1050, 1122, 1121, 1050, 1051, 1123, 1122, 1051, 1052, 1124, 1123, 1052, 1053, 1125, 1124, 1053, 1054, 1126, 1125, 1054, 1055, 1127, 1126, 1055, 1056, 1128, 1127, 1056, 1057, 1129, 1128, 1057, 1058, 1130, 1129, 1058, 1059, 1131, 1130, 1059, 1060, 1132, 1131, 1060, 1061, 1133, 1132, 1061, 1062, 1134, 1133, 1062, 1063, 1135, 1134, 1063, 1064, 1136, 1135, 1064, 1065, 1137, 1136, 1065, 1066, 1138, 1137, 1066, 1067, 1139, 1138, 1067, 1068, 1140, 1139, 1068, 1069, 1141, 1140, 1069, 1070, 1142, 1141, 1070, 1071, 1143, 1142, 1071, 1072, 1144, 1143, 1072, 1073, 1145, 1144, 1073, 1074, 1146, 1145, 1074, 1075, 1147, 1146, 1075, 1076, 1148, 1147, 1076, 1077, 1149, 1148, 1077, 1078, 1150, 1149, 1078, 1079, 1151, 1150, 1079, 1008, 1080, 1151, 1080, 1081, 1153, 1152, 1081, 1082, 1154, 1153, 1082, 1083, 1155, 1154, 1083, 1084, 1156, 1155, 1084, 1085, 1157, 1156, 1085, 1086, 1158, 1157, 1086, 1087, 1159, 1158, 1087, 1088, 1160, 1159, 1088, 1089, 1161, 1160, 1089, 1090, 1162, 1161, 1090, 1091, 1163, 1162, 1091, 1092, 1164, 1163, 1092, 1093, 1165, 1164, 1093, 1094, 1166, 1165, 1094, 1095, 1167, 1166, 1095, 1096, 1168, 1167, 1096, 1097, 1169, 1168, 1097, 1098, 1170, 1169, 1098, 1099, 1171, 1170, 1099, 1100, 1172, 1171, 1100, 1101, 1173, 1172, 1101, 1102, 1174, 1173, 1102, 1103, 1175, 1174, 1103, 1104, 1176, 1175, 1104, 1105, 1177, 1176, 1105, 1106, 1178, 1177, 1106, 1107, 1179, 1178, 1107, 1108, 1180, 1179, 1108, 1109, 1181, 1180, 1109, 1110, 1182, 1181, 1110, 1111, 1183, 1182, 1111, 1112, 1184, 1183, 1112, 1113, 1185, 1184, 1113, 1114, 1186, 1185, 1114, 1115, 1187, 1186, 1115, 1116, 1188, 1187, 1116, 1117, 1189, 1188, 1117, 1118, 1190, 1189, 1118, 1119, 1191, 1190, 1119, 1120, 1192, 1191, 1120, 1121, 1193, 1192, 1121, 1122, 1194, 1193, 1122, 1123, 1195, 1194, 1123, 1124, 1196, 1195, 1124, 1125, 1197, 1196, 1125, 1126, 1198, 1197, 1126, 1127, 1199, 1198, 1127, 1128, 1200, 1199, 1128, 1129, 1201, 1200, 1129, 1130, 1202, 1201, 1130, 1131, 1203, 1202, 1131, 1132, 1204, 1203, 1132, 1133, 1205, 1204, 1133, 1134, 1206, 1205, 1134, 1135, 1207, 1206, 1135, 1136, 1208, 1207, 1136, 1137, 1209, 1208, 1137, 1138, 1210, 1209, 1138, 1139, 1211, 1210, 1139, 1140, 1212, 1211, 1140, 1141, 1213, 1212, 1141, 1142, 1214, 1213, 1142, 1143, 1215, 1214, 1143, 1144, 1216, 1215, 1144, 1145, 1217, 1216, 1145, 1146, 1218, 1217, 1146, 1147, 1219, 1218, 1147, 1148, 1220, 1219, 1148, 1149, 1221, 1220, 1149, 1150, 1222, 1221, 1150, 1151, 1223, 1222, 1151, 1080, 1152, 1223, 1152, 1153, 1225, 1224, 1153, 1154, 1226, 1225, 1154, 1155, 1227, 1226, 1155, 1156, 1228, 1227, 1156, 1157, 1229, 1228, 1157, 1158, 1230, 1229, 1158, 1159, 1231, 1230, 1159, 1160, 1232, 1231, 1160, 1161, 1233, 1232, 1161, 1162, 1234, 1233, 1162, 1163, 1235, 1234, 1163, 1164, 1236, 1235, 1164, 1165, 1237, 1236, 1165, 1166, 1238, 1237, 1166, 1167, 1239, 1238, 1167, 1168, 1240, 1239, 1168, 1169, 1241, 1240, 1169, 1170, 1242, 1241, 1170, 1171, 1243, 1242, 1171, 1172, 1244, 1243, 1172, 1173, 1245, 1244, 1173, 1174, 1246, 1245, 1174, 1175, 1247, 1246, 1175, 1176, 1248, 1247, 1176, 1177, 1249, 1248, 1177, 1178, 1250, 1249, 1178, 1179, 1251, 1250, 1179, 1180, 1252, 1251, 1180, 1181, 1253, 1252, 1181, 1182, 1254, 1253, 1182, 1183, 1255, 1254, 1183, 1184, 1256, 1255, 1184, 1185, 1257, 1256, 1185, 1186, 1258, 1257, 1186, 1187, 1259, 1258, 1187, 1188, 1260, 1259, 1188, 1189, 1261, 1260, 1189, 1190, 1262, 1261, 1190, 1191, 1263, 1262, 1191, 1192, 1264, 1263, 1192, 1193, 1265, 1264, 1193, 1194, 1266, 1265, 1194, 1195, 1267, 1266, 1195, 1196, 1268, 1267, 1196, 1197, 1269, 1268, 1197, 1198, 1270, 1269, 1198, 1199, 1271, 1270, 1199, 1200, 1272, 1271, 1200, 1201, 1273, 1272, 1201, 1202, 1274, 1273, 1202, 1203, 1275, 1274, 1203, 1204, 1276, 1275, 1204, 1205, 1277, 1276, 1205, 1206, 1278, 1277, 1206, 1207, 1279, 1278, 1207, 1208, 1280, 1279, 1208, 1209, 1281, 1280, 1209, 1210, 1282, 1281, 1210, 1211, 1283, 1282, 1211, 1212, 1284, 1283, 1212, 1213, 1285, 1284, 1213, 1214, 1286, 1285, 1214, 1215, 1287, 1286, 1215, 1216, 1288, 1287, 1216, 1217, 1289, 1288, 1217, 1218, 1290, 1289, 1218, 1219, 1291, 1290, 1219, 1220, 1292, 1291, 1220, 1221, 1293, 1292, 1221, 1222, 1294, 1293, 1222, 1223, 1295, 1294, 1223, 1152, 1224, 1295, 1224, 1225, 1297, 1296, 1225, 1226, 1298, 1297, 1226, 1227, 1299, 1298, 1227, 1228, 1300, 1299, 1228, 1229, 1301, 1300, 1229, 1230, 1302, 1301, 1230, 1231, 1303, 1302, 1231, 1232, 1304, 1303, 1232, 1233, 1305, 1304, 1233, 1234, 1306, 1305, 1234, 1235, 1307, 1306, 1235, 1236, 1308, 1307, 1236, 1237, 1309, 1308, 1237, 1238, 1310, 1309, 1238, 1239, 1311, 1310, 1239, 1240, 1312, 1311, 1240, 1241, 1313, 1312, 1241, 1242, 1314, 1313, 1242, 1243, 1315, 1314, 1243, 1244, 1316, 1315, 1244, 1245, 1317, 1316, 1245, 1246, 1318, 1317, 1246, 1247, 1319, 1318, 1247, 1248, 1320, 1319, 1248, 1249, 1321, 1320, 1249, 1250, 1322, 1321, 1250, 1251, 1323, 1322, 1251, 1252, 1324, 1323, 1252, 1253, 1325, 1324, 1253, 1254, 1326, 1325, 1254, 1255, 1327, 1326, 1255, 1256, 1328, 1327, 1256, 1257, 1329, 1328, 1257, 1258, 1330, 1329, 1258, 1259, 1331, 1330, 1259, 1260, 1332, 1331, 1260, 1261, 1333, 1332, 1261, 1262, 1334, 1333, 1262, 1263, 1335, 1334, 1263, 1264, 1336, 1335, 1264, 1265, 1337, 1336, 1265, 1266, 1338, 1337, 1266, 1267, 1339, 1338, 1267, 1268, 1340, 1339, 1268, 1269, 1341, 1340, 1269, 1270, 1342, 1341, 1270, 1271, 1343, 1342, 1271, 1272, 1344, 1343, 1272, 1273, 1345, 1344, 1273, 1274, 1346, 1345, 1274, 1275, 1347, 1346, 1275, 1276, 1348, 1347, 1276, 1277, 1349, 1348, 1277, 1278, 1350, 1349, 1278, 1279, 1351, 1350, 1279, 1280, 1352, 1351, 1280, 1281, 1353, 1352, 1281, 1282, 1354, 1353, 1282, 1283, 1355, 1354, 1283, 1284, 1356, 1355, 1284, 1285, 1357, 1356, 1285, 1286, 1358, 1357, 1286, 1287, 1359, 1358, 1287, 1288, 1360, 1359, 1288, 1289, 1361, 1360, 1289, 1290, 1362, 1361, 1290, 1291, 1363, 1362, 1291, 1292, 1364, 1363, 1292, 1293, 1365, 1364, 1293, 1294, 1366, 1365, 1294, 1295, 1367, 1366, 1295, 1224, 1296, 1367, 1297, 1368, 1296, 1298, 1368, 1297, 1299, 1368, 1298, 1300, 1368, 1299, 1301, 1368, 1300, 1302, 1368, 1301, 1303, 1368, 1302, 1304, 1368, 1303, 1305, 1368, 1304, 1306, 1368, 1305, 1307, 1368, 1306, 1308, 1368, 1307, 1309, 1368, 1308, 1310, 1368, 1309, 1311, 1368, 1310, 1312, 1368, 1311, 1313, 1368, 1312, 1314, 1368, 1313, 1315, 1368, 1314, 1316, 1368, 1315, 1317, 1368, 1316, 1318, 1368, 1317, 1319, 1368, 1318, 1320, 1368, 1319, 1321, 1368, 1320, 1322, 1368, 1321, 1323, 1368, 1322, 1324, 1368, 1323, 1325, 1368, 1324, 1326, 1368, 1325, 1327, 1368, 1326, 1328, 1368, 1327, 1329, 1368, 1328, 1330, 1368, 1329, 1331, 1368, 1330, 1332, 1368, 1331, 1333, 1368, 1332, 1334, 1368, 1333, 1335, 1368, 1334, 1336, 1368, 1335, 1337, 1368, 1336, 1338, 1368, 1337, 1339, 1368, 1338, 1340, 1368, 1339, 1341, 1368, 1340, 1342, 1368, 1341, 1343, 1368, 1342, 1344, 1368, 1343, 1345, 1368, 1344, 1346, 1368, 1345, 1347, 1368, 1346, 1348, 1368, 1347, 1349, 1368, 1348, 1350, 1368, 1349, 1351, 1368, 1350, 1352, 1368, 1351, 1353, 1368, 1352, 1354, 1368, 1353, 1355, 1368, 1354, 1356, 1368, 1355, 1357, 1368, 1356, 1358, 1368, 1357, 1359, 1368, 1358, 1360, 1368, 1359, 1361, 1368, 1360, 1362, 1368, 1361, 1363, 1368, 1362, 1364, 1368, 1363, 1365, 1368, 1364, 1366, 1368, 1365, 1367, 1368, 1366, 1296, 1368, 1367, 936, 1369, 1370, 937, 937, 1370, 1371, 938, 938, 1371, 1372, 939, 939, 1372, 1373, 940, 940, 1373, 1374, 941, 941, 1374, 1375, 942, 942, 1375, 1376, 943, 943, 1376, 1377, 944, 944, 1377, 1378, 945, 945, 1378, 1379, 946, 946, 1379, 1380, 947, 947, 1380, 1381, 948, 948, 1381, 1382, 949, 949, 1382, 1383, 950, 950, 1383, 1384, 951, 951, 1384, 1385, 952, 952, 1385, 1386, 953, 953, 1386, 1387, 954, 954, 1387, 1388, 955, 955, 1388, 1389, 956, 956, 1389, 1390, 957, 957, 1390, 1391, 958, 958, 1391, 1392, 959, 959, 1392, 1393, 960, 960, 1393, 1394, 961, 961, 1394, 1395, 962, 962, 1395, 1396, 963, 963, 1396, 1397, 964, 964, 1397, 1398, 965, 965, 1398, 1399, 966, 966, 1399, 1400, 967, 967, 1400, 1401, 968, 968, 1401, 1402, 969, 969, 1402, 1403, 970, 970, 1403, 1404, 971, 971, 1404, 1405, 972, 972, 1405, 1406, 973, 973, 1406, 1407, 974, 974, 1407, 1408, 975, 975, 1408, 1409, 976, 976, 1409, 1410, 977, 977, 1410, 1411, 978, 978, 1411, 1412, 979, 979, 1412, 1413, 980, 980, 1413, 1414, 981, 981, 1414, 1415, 982, 982, 1415, 1416, 983, 983, 1416, 1417, 984, 984, 1417, 1418, 985, 985, 1418, 1419, 986, 986, 1419, 1420, 987, 987, 1420, 1421, 988, 988, 1421, 1422, 989, 989, 1422, 1423, 990, 990, 1423, 1424, 991, 991, 1424, 1425, 992, 992, 1425, 1426, 993, 993, 1426, 1427, 994, 994, 1427, 1428, 995, 995, 1428, 1429, 996, 996, 1429, 1430, 997, 997, 1430, 1431, 998, 998, 1431, 1432, 999, 999, 1432, 1433, 1000, 1000, 1433, 1434, 1001, 1001, 1434, 1435, 1002, 1002, 1435, 1436, 1003, 1003, 1436, 1437, 1004, 1004, 1437, 1438, 1005, 1005, 1438, 1439, 1006, 1006, 1439, 1440, 1007, 1007, 1440, 1369, 936, 1369, 1441, 1442, 1370, 1370, 1442, 1443, 1371, 1371, 1443, 1444, 1372, 1372, 1444, 1445, 1373, 1373, 1445, 1446, 1374, 1374, 1446, 1447, 1375, 1375, 1447, 1448, 1376, 1376, 1448, 1449, 1377, 1377, 1449, 1450, 1378, 1378, 1450, 1451, 1379, 1379, 1451, 1452, 1380, 1380, 1452, 1453, 1381, 1381, 1453, 1454, 1382, 1382, 1454, 1455, 1383, 1383, 1455, 1456, 1384, 1384, 1456, 1457, 1385, 1385, 1457, 1458, 1386, 1386, 1458, 1459, 1387, 1387, 1459, 1460, 1388, 1388, 1460, 1461, 1389, 1389, 1461, 1462, 1390, 1390, 1462, 1463, 1391, 1391, 1463, 1464, 1392, 1392, 1464, 1465, 1393, 1393, 1465, 1466, 1394, 1394, 1466, 1467, 1395, 1395, 1467, 1468, 1396, 1396, 1468, 1469, 1397, 1397, 1469, 1470, 1398, 1398, 1470, 1471, 1399, 1399, 1471, 1472, 1400, 1400, 1472, 1473, 1401, 1401, 1473, 1474, 1402, 1402, 1474, 1475, 1403, 1403, 1475, 1476, 1404, 1404, 1476, 1477, 1405, 1405, 1477, 1478, 1406, 1406, 1478, 1479, 1407, 1407, 1479, 1480, 1408, 1408, 1480, 1481, 1409, 1409, 1481, 1482, 1410, 1410, 1482, 1483, 1411, 1411, 1483, 1484, 1412, 1412, 1484, 1485, 1413, 1413, 1485, 1486, 1414, 1414, 1486, 1487, 1415, 1415, 1487, 1488, 1416, 1416, 1488, 1489, 1417, 1417, 1489, 1490, 1418, 1418, 1490, 1491, 1419, 1419, 1491, 1492, 1420, 1420, 1492, 1493, 1421, 1421, 1493, 1494, 1422, 1422, 1494, 1495, 1423, 1423, 1495, 1496, 1424, 1424, 1496, 1497, 1425, 1425, 1497, 1498, 1426, 1426, 1498, 1499, 1427, 1427, 1499, 1500, 1428, 1428, 1500, 1501, 1429, 1429, 1501, 1502, 1430, 1430, 1502, 1503, 1431, 1431, 1503, 1504, 1432, 1432, 1504, 1505, 1433, 1433, 1505, 1506, 1434, 1434, 1506, 1507, 1435, 1435, 1507, 1508, 1436, 1436, 1508, 1509, 1437, 1437, 1509, 1510, 1438, 1438, 1510, 1511, 1439, 1439, 1511, 1512, 1440, 1440, 1512, 1441, 1369, 1441, 1513, 1514, 1442, 1442, 1514, 1515, 1443, 1443, 1515, 1516, 1444, 1444, 1516, 1517, 1445, 1445, 1517, 1518, 1446, 1446, 1518, 1519, 1447, 1447, 1519, 1520, 1448, 1448, 1520, 1521, 1449, 1449, 1521, 1522, 1450, 1450, 1522, 1523, 1451, 1451, 1523, 1524, 1452, 1452, 1524, 1525, 1453, 1453, 1525, 1526, 1454, 1454, 1526, 1527, 1455, 1455, 1527, 1528, 1456, 1456, 1528, 1529, 1457, 1457, 1529, 1530, 1458, 1458, 1530, 1531, 1459, 1459, 1531, 1532, 1460, 1460, 1532, 1533, 1461, 1461, 1533, 1534, 1462, 1462, 1534, 1535, 1463, 1463, 1535, 1536, 1464, 1464, 1536, 1537, 1465, 1465, 1537, 1538, 1466, 1466, 1538, 1539, 1467, 1467, 1539, 1540, 1468, 1468, 1540, 1541, 1469, 1469, 1541, 1542, 1470, 1470, 1542, 1543, 1471, 1471, 1543, 1544, 1472, 1472, 1544, 1545, 1473, 1473, 1545, 1546, 1474, 1474, 1546, 1547, 1475, 1475, 1547, 1548, 1476, 1476, 1548, 1549, 1477, 1477, 1549, 1550, 1478, 1478, 1550, 1551, 1479, 1479, 1551, 1552, 1480, 1480, 1552, 1553, 1481, 1481, 1553, 1554, 1482, 1482, 1554, 1555, 1483, 1483, 1555, 1556, 1484, 1484, 1556, 1557, 1485, 1485, 1557, 1558, 1486, 1486, 1558, 1559, 1487, 1487, 1559, 1560, 1488, 1488, 1560, 1561, 1489, 1489, 1561, 1562, 1490, 1490, 1562, 1563, 1491, 1491, 1563, 1564, 1492, 1492, 1564, 1565, 1493, 1493, 1565, 1566, 1494, 1494, 1566, 1567, 1495, 1495, 1567, 1568, 1496, 1496, 1568, 1569, 1497, 1497, 1569, 1570, 1498, 1498, 1570, 1571, 1499, 1499, 1571, 1572, 1500, 1500, 1572, 1573, 1501, 1501, 1573, 1574, 1502, 1502, 1574, 1575, 1503, 1503, 1575, 1576, 1504, 1504, 1576, 1577, 1505, 1505, 1577, 1578, 1506, 1506, 1578, 1579, 1507, 1507, 1579, 1580, 1508, 1508, 1580, 1581, 1509, 1509, 1581, 1582, 1510, 1510, 1582, 1583, 1511, 1511, 1583, 1584, 1512, 1512, 1584, 1513, 1441, 1513, 1585, 1586, 1514, 1514, 1586, 1587, 1515, 1515, 1587, 1588, 1516, 1516, 1588, 1589, 1517, 1517, 1589, 1590, 1518, 1518, 1590, 1591, 1519, 1519, 1591, 1592, 1520, 1520, 1592, 1593, 1521, 1521, 1593, 1594, 1522, 1522, 1594, 1595, 1523, 1523, 1595, 1596, 1524, 1524, 1596, 1597, 1525, 1525, 1597, 1598, 1526, 1526, 1598, 1599, 1527, 1527, 1599, 1600, 1528, 1528, 1600, 1601, 1529, 1529, 1601, 1602, 1530, 1530, 1602, 1603, 1531, 1531, 1603, 1604, 1532, 1532, 1604, 1605, 1533, 1533, 1605, 1606, 1534, 1534, 1606, 1607, 1535, 1535, 1607, 1608, 1536, 1536, 1608, 1609, 1537, 1537, 1609, 1610, 1538, 1538, 1610, 1611, 1539, 1539, 1611, 1612, 1540, 1540, 1612, 1613, 1541, 1541, 1613, 1614, 1542, 1542, 1614, 1615, 1543, 1543, 1615, 1616, 1544, 1544, 1616, 1617, 1545, 1545, 1617, 1618, 1546, 1546, 1618, 1619, 1547, 1547, 1619, 1620, 1548, 1548, 1620, 1621, 1549, 1549, 1621, 1622, 1550, 1550, 1622, 1623, 1551, 1551, 1623, 1624, 1552, 1552, 1624, 1625, 1553, 1553, 1625, 1626, 1554, 1554, 1626, 1627, 1555, 1555, 1627, 1628, 1556, 1556, 1628, 1629, 1557, 1557, 1629, 1630, 1558, 1558, 1630, 1631, 1559, 1559, 1631, 1632, 1560, 1560, 1632, 1633, 1561, 1561, 1633, 1634, 1562, 1562, 1634, 1635, 1563, 1563, 1635, 1636, 1564, 1564, 1636, 1637, 1565, 1565, 1637, 1638, 1566, 1566, 1638, 1639, 1567, 1567, 1639, 1640, 1568, 1568, 1640, 1641, 1569, 1569, 1641, 1642, 1570, 1570, 1642, 1643, 1571, 1571, 1643, 1644, 1572, 1572, 1644, 1645, 1573, 1573, 1645, 1646, 1574, 1574, 1646, 1647, 1575, 1575, 1647, 1648, 1576, 1576, 1648, 1649, 1577, 1577, 1649, 1650, 1578, 1578, 1650, 1651, 1579, 1579, 1651, 1652, 1580, 1580, 1652, 1653, 1581, 1581, 1653, 1654, 1582, 1582, 1654, 1655, 1583, 1583, 1655, 1656, 1584, 1584, 1656, 1585, 1513, 1585, 1657, 1586, 1586, 1657, 1587, 1587, 1657, 1588, 1588, 1657, 1589, 1589, 1657, 1590, 1590, 1657, 1591, 1591, 1657, 1592, 1592, 1657, 1593, 1593, 1657, 1594, 1594, 1657, 1595, 1595, 1657, 1596, 1596, 1657, 1597, 1597, 1657, 1598, 1598, 1657, 1599, 1599, 1657, 1600, 1600, 1657, 1601, 1601, 1657, 1602, 1602, 1657, 1603, 1603, 1657, 1604, 1604, 1657, 1605, 1605, 1657, 1606, 1606, 1657, 1607, 1607, 1657, 1608, 1608, 1657, 1609, 1609, 1657, 1610, 1610, 1657, 1611, 1611, 1657, 1612, 1612, 1657, 1613, 1613, 1657, 1614, 1614, 1657, 1615, 1615, 1657, 1616, 1616, 1657, 1617, 1617, 1657, 1618, 1618, 1657, 1619, 1619, 1657, 1620, 1620, 1657, 1621, 1621, 1657, 1622, 1622, 1657, 1623, 1623, 1657, 1624, 1624, 1657, 1625, 1625, 1657, 1626, 1626, 1657, 1627, 1627, 1657, 1628, 1628, 1657, 1629, 1629, 1657, 1630, 1630, 1657, 1631, 1631, 1657, 1632, 1632, 1657, 1633, 1633, 1657, 1634, 1634, 1657, 1635, 1635, 1657, 1636, 1636, 1657, 1637, 1637, 1657, 1638, 1638, 1657, 1639, 1639, 1657, 1640, 1640, 1657, 1641, 1641, 1657, 1642, 1642, 1657, 1643, 1643, 1657, 1644, 1644, 1657, 1645, 1645, 1657, 1646, 1646, 1657, 1647, 1647, 1657, 1648, 1648, 1657, 1649, 1649, 1657, 1650, 1650, 1657, 1651, 1651, 1657, 1652, 1652, 1657, 1653, 1653, 1657, 1654, 1654, 1657, 1655, 1655, 1657, 1656, 1656, 1657, 1585]
        point3f[] points = [(0.03440, 0.00000, -0.02900), (0.03415, 0.00299, -0.02900), (0.03348, 0.00590, -0.02900), (0.03257, 0.00873, -0.02900), (0.03157, 0.01149, -0.02900), (0.03056, 0.01425, -0.02900), (0.02944, 0.01700, -0.02900), (0.02808, 0.01966, -0.02900), (0.02635, 0.02211, -0.02900), (0.02424, 0.02424, -0.02900), (0.02185, 0.02605, -0.02900), (0.01934, 0.02762, -0.02900), (0.01680, 0.02910, -0.02900), (0.01425, 0.03056, -0.02900), (0.01163, 0.03195, -0.02900), (0.00887, 0.03311, -0.02900), (0.00597, 0.03388, -0.02900), (0.00299, 0.03415, -0.02900), (0.00000, 0.03400, -0.02900), (-0.00294, 0.03359, -0.02900), (-0.00583, 0.03309, -0.02900), (-0.00873, 0.03257, -0.02900), (-0.01163, 0.03195, -0.02900), (-0.01449, 0.03107, -0.02900), (-0.01720, 0.02979, -0.02900), (-0.01966, 0.02808, -0.02900), (-0.02185, 0.02605, -0.02900), (-0.02384, 0.02384, -0.02900), (-0.02574, 0.02160, -0.02900), (-0.02762, 0.01934, -0.02900), (-0.02944, 0.01700, -0.02900), (-0.03107, 0.01449, -0.02900), (-0.03233, 0.01177, -0.02900), (-0.03311, 0.00887, -0.02900), (-0.03348, 0.00590, -0.02900), (-0.03359, 0.00294, -0.02900), (-0.03360, 0.00000, -0.02900), (-0.03359, -0.00294, -0.02900), (-0.03348, -0.00590, -0.02900), (-0.03311, -0.00887, -0.02900), (-0.03233, -0.01177, -0.02900), (-0.03107, -0.01449, -0.02900), (-0.02944, -0.01700, -0.02900), (-0.02762, -0.01934, -0.02900), (-0.02574, -0.02160, -0.02900), (-0.02384, -0.02384, -0.02900), (-0.02185, -0.02605, -0.02900), (-0.01966, -0.02808, -0.02900), (-0.01720, -0.02979, -0.02900), (-0.01449, -0.03107, -0.02900), (-0.01163, -0.03195, -0.02900), (-0.00873, -0.03257, -0.02900), (-0.00583, -0.03309, -0.02900), (-0.00294, -0.03359, -0.02900), (-0.00000, -0.03400, -0.02900), (0.00299, -0.03415, -0.02900), (0.00597, -0.03388, -0.02900), (0.00887, -0.03311, -0.02900), (0.01163, -0.03195, -0.02900), (0.01425, -0.03056, -0.02900), (0.01680, -0.02910, -0.02900), (0.01934, -0.02762, -0.02900), (0.02185, -0.02605, -0.02900), (0.02424, -0.02424, -0.02900), (0.02635, -0.02211, -0.02900), (0.02808, -0.01966, -0.02900), (0.02944, -0.01700, -0.02900), (0.03056, -0.01425, -0.02900), (0.03157, -0.01149, -0.02900), (0.03257, -0.00873, -0.02900), (0.03348, -0.00590, -0.02900), (0.03415, -0.00299, -0.02900), (0.03440, 0.00000, -0.02417), (0.03415, 0.00299, -0.02417), (0.03348, 0.00590, -0.02417), (0.03257, 0.00873, -0.02417), (0.03157, 0.01149, -0.02417), (0.03056, 0.01425, -0.02417), (0.02944, 0.01700, -0.02417), (0.02808, 0.01966, -0.02417), (0.02635, 0.02211, -0.02417), (0.02424, 0.02424, -0.02417), (0.02185, 0.02605, -0.02417), (0.01934, 0.02762, -0.02417), (0.01680, 0.02910, -0.02417), (0.01425, 0.03056, -0.02417), (0.01163, 0.03195, -0.02417), (0.00887, 0.03311, -0.02417), (0.00597, 0.03388, -0.02417), (0.00299, 0.03415, -0.02417), (0.00000, 0.03400, -0.02417), (-0.00294, 0.03359, -0.02417), (-0.00583, 0.03309, -0.02417), (-0.00873, 0.03257, -0.02417), (-0.01163, 0.03195, -0.02417), (-0.01449, 0.03107, -0.02417), (-0.01720, 0.02979, -0.02417), (-0.01966, 0.02808, -0.02417), (-0.02185, 0.02605, -0.02417), (-0.02384, 0.02384, -0.02417), (-0.02574, 0.02160, -0.02417), (-0.02762, 0.01934, -0.02417), (-0.02944, 0.01700, -0.02417), (-0.03107, 0.01449, -0.02417), (-0.03233, 0.01177, -0.02417), (-0.03311, 0.00887, -0.02417), (-0.03348, 0.00590, -0.02417), (-0.03359, 0.00294, -0.02417), (-0.03360, 0.00000, -0.02417), (-0.03359, -0.00294, -0.02417), (-0.03348, -0.00590, -0.02417), (-0.03311, -0.00887, -0.02417), (-0.03233, -0.01177, -0.02417), (-0.03107, -0.01449, -0.02417), (-0.02944, -0.01700, -0.02417), (-0.02762, -0.01934, -0.02417), (-0.02574, -0.02160, -0.02417), (-0.02384, -0.02384, -0.02417), (-0.02185, -0.02605, -0.02417), (-0.01966, -0.02808, -0.02417), (-0.01720, -0.02979, -0.02417), (-0.01449, -0.03107, -0.02417), (-0.01163, -0.03195, -0.02417), (-0.00873, -0.03257, -0.02417), (-0.00583, -0.03309, -0.02417), (-0.00294, -0.03359, -0.02417), (-0.00000, -0.03400, -0.02417), (0.00299, -0.03415, -0.02417), (0.00597, -0.03388, -0.02417), (0.00887, -0.03311, -0.02417), (0.01163, -0.03195, -0.02417), (0.01425, -0.03056, -0.02417), (0.01680, -0.02910, -0.02417), (0.01934, -0.02762, -0.02417), (0.02185, -0.02605, -0.02417), (0.02424, -0.02424, -0.02417), (0.02635, -0.02211, -0.02417), (0.02808, -0.01966, -0.02417), (0.02944, -0.01700, -0.02417), (0.03056, -0.01425, -0.02417), (0.03157, -0.01149, -0.02417), (0.03257, -0.00873, -0.02417), (0.03348, -0.00590, -0.02417), (0.03415, -0.00299, -0.02417), (0.03440, 0.00000, -0.01933), (0.03415, 0.00299, -0.01933), (0.03348, 0.00590, -0.01933), (0.03257, 0.00873, -0.01933), (0.03157, 0.01149, -0.01933), (0.03056, 0.01425, -0.01933), (0.02944, 0.01700, -0.01933), (0.02808, 0.01966, -0.01933), (0.02635, 0.02211, -0.01933), (0.02424, 0.02424, -0.01933), (0.02185, 0.02605, -0.01933), (0.01934, 0.02762, -0.01933), (0.01680, 0.02910, -0.01933), (0.01425, 0.03056, -0.01933), (0.01163, 0.03195, -0.01933), (0.00887, 0.03311, -0.01933), (0.00597, 0.03388, -0.01933), (0.00299, 0.03415, -0.01933), (0.00000, 0.03400, -0.01933), (-0.00294, 0.03359, -0.01933), (-0.00583, 0.03309, -0.01933), (-0.00873, 0.03257, -0.01933), (-0.01163, 0.03195, -0.01933), (-0.01449, 0.03107, -0.01933), (-0.01720, 0.02979, -0.01933), (-0.01966, 0.02808, -0.01933), (-0.02185, 0.02605, -0.01933), (-0.02384, 0.02384, -0.01933), (-0.02574, 0.02160, -0.01933), (-0.02762, 0.01934, -0.01933), (-0.02944, 0.01700, -0.01933), (-0.03107, 0.01449, -0.01933), (-0.03233, 0.01177, -0.01933), (-0.03311, 0.00887, -0.01933), (-0.03348, 0.00590, -0.01933), (-0.03359, 0.00294, -0.01933), (-0.03360, 0.00000, -0.01933), (-0.03359, -0.00294, -0.01933), (-0.03348, -0.00590, -0.01933), (-0.03311, -0.00887, -0.01933), (-0.03233, -0.01177, -0.01933), (-0.03107, -0.01449, -0.01933), (-0.02944, -0.01700, -0.01933), (-0.02762, -0.01934, -0.01933), (-0.02574, -0.02160, -0.01933), (-0.02384, -0.02384, -0.01933), (-0.02185, -0.02605, -0.01933), (-0.01966, -0.02808, -0.01933), (-0.01720, -0.02979, -0.01933), (-0.01449, -0.03107, -0.01933), (-0.01163, -0.03195, -0.01933), (-0.00873, -0.03257, -0.01933), (-0.00583, -0.03309, -0.01933), (-0.00294, -0.03359, -0.01933), (-0.00000, -0.03400, -0.01933), (0.00299, -0.03415, -0.01933), (0.00597, -0.03388, -0.01933), (0.00887, -0.03311, -0.01933), (0.01163, -0.03195, -0.01933), (0.01425, -0.03056, -0.01933), (0.01680, -0.02910, -0.01933), (0.01934, -0.02762, -0.01933), (0.02185, -0.02605, -0.01933), (0.02424, -0.02424, -0.01933), (0.02635, -0.02211, -0.01933), (0.02808, -0.01966, -0.01933), (0.02944, -0.01700, -0.01933), (0.03056, -0.01425, -0.01933), (0.03157, -0.01149, -0.01933), (0.03257, -0.00873, -0.01933), (0.03348, -0.00590, -0.01933), (0.03415, -0.00299, -0.01933), (0.03440, 0.00000, -0.01450), (0.03415, 0.00299, -0.01450), (0.03348, 0.00590, -0.01450), (0.03257, 0.00873, -0.01450), (0.03157, 0.01149, -0.01450), (0.03056, 0.01425, -0.01450), (0.02944, 0.01700, -0.01450), (0.02808, 0.01966, -0.01450), (0.02635, 0.02211, -0.01450), (0.02424, 0.02424, -0.01450), (0.02185, 0.02605, -0.01450), (0.01934, 0.02762, -0.01450), (0.01680, 0.02910, -0.01450), (0.01425, 0.03056, -0.01450), (0.01163, 0.03195, -0.01450), (0.00887, 0.03311, -0.01450), (0.00597, 0.03388, -0.01450), (0.00299, 0.03415, -0.01450), (0.00000, 0.03400, -0.01450), (-0.00294, 0.03359, -0.01450), (-0.00583, 0.03309, -0.01450), (-0.00873, 0.03257, -0.01450), (-0.01163, 0.03195, -0.01450), (-0.01449, 0.03107, -0.01450), (-0.01720, 0.02979, -0.01450), (-0.01966, 0.02808, -0.01450), (-0.02185, 0.02605, -0.01450), (-0.02384, 0.02384, -0.01450), (-0.02574, 0.02160, -0.01450), (-0.02762, 0.01934, -0.01450), (-0.02944, 0.01700, -0.01450), (-0.03107, 0.01449, -0.01450), (-0.03233, 0.01177, -0.01450), (-0.03311, 0.00887, -0.01450), (-0.03348, 0.00590, -0.01450), (-0.03359, 0.00294, -0.01450), (-0.03360, 0.00000, -0.01450), (-0.03359, -0.00294, -0.01450), (-0.03348, -0.00590, -0.01450), (-0.03311, -0.00887, -0.01450), (-0.03233, -0.01177, -0.01450), (-0.03107, -0.01449, -0.01450), (-0.02944, -0.01700, -0.01450), (-0.02762, -0.01934, -0.01450), (-0.02574, -0.02160, -0.01450), (-0.02384, -0.02384, -0.01450), (-0.02185, -0.02605, -0.01450), (-0.01966, -0.02808, -0.01450), (-0.01720, -0.02979, -0.01450), (-0.01449, -0.03107, -0.01450), (-0.01163, -0.03195, -0.01450), (-0.00873, -0.03257, -0.01450), (-0.00583, -0.03309, -0.01450), (-0.00294, -0.03359, -0.01450), (-0.00000, -0.03400, -0.01450), (0.00299, -0.03415, -0.01450), (0.00597, -0.03388, -0.01450), (0.00887, -0.03311, -0.01450), (0.01163, -0.03195, -0.01450), (0.01425, -0.03056, -0.01450), (0.01680, -0.02910, -0.01450), (0.01934, -0.02762, -0.01450), (0.02185, -0.02605, -0.01450), (0.02424, -0.02424, -0.01450), (0.02635, -0.02211, -0.01450), (0.02808, -0.01966, -0.01450), (0.02944, -0.01700, -0.01450), (0.03056, -0.01425, -0.01450), (0.03157, -0.01149, -0.01450), (0.03257, -0.00873, -0.01450), (0.03348, -0.00590, -0.01450), (0.03415, -0.00299, -0.01450), (0.03440, 0.00000, -0.00967), (0.03415, 0.00299, -0.00967), (0.03348, 0.00590, -0.00967), (0.03257, 0.00873, -0.00967), (0.03157, 0.01149, -0.00967), (0.03056, 0.01425, -0.00967), (0.02944, 0.01700, -0.00967), (0.02808, 0.01966, -0.00967), (0.02635, 0.02211, -0.00967), (0.02424, 0.02424, -0.00967), (0.02185, 0.02605, -0.00967), (0.01934, 0.02762, -0.00967), (0.01680, 0.02910, -0.00967), (0.01425, 0.03056, -0.00967), (0.01163, 0.03195, -0.00967), (0.00887, 0.03311, -0.00967), (0.00597, 0.03388, -0.00967), (0.00299, 0.03415, -0.00967), (0.00000, 0.03400, -0.00967), (-0.00294, 0.03359, -0.00967), (-0.00583, 0.03309, -0.00967), (-0.00873, 0.03257, -0.00967), (-0.01163, 0.03195, -0.00967), (-0.01449, 0.03107, -0.00967), (-0.01720, 0.02979, -0.00967), (-0.01966, 0.02808, -0.00967), (-0.02185, 0.02605, -0.00967), (-0.02384, 0.02384, -0.00967), (-0.02574, 0.02160, -0.00967), (-0.02762, 0.01934, -0.00967), (-0.02944, 0.01700, -0.00967), (-0.03107, 0.01449, -0.00967), (-0.03233, 0.01177, -0.00967), (-0.03311, 0.00887, -0.00967), (-0.03348, 0.00590, -0.00967), (-0.03359, 0.00294, -0.00967), (-0.03360, 0.00000, -0.00967), (-0.03359, -0.00294, -0.00967), (-0.03348, -0.00590, -0.00967), (-0.03311, -0.00887, -0.00967), (-0.03233, -0.01177, -0.00967), (-0.03107, -0.01449, -0.00967), (-0.02944, -0.01700, -0.00967), (-0.02762, -0.01934, -0.00967), (-0.02574, -0.02160, -0.00967), (-0.02384, -0.02384, -0.00967), (-0.02185, -0.02605, -0.00967), (-0.01966, -0.02808, -0.00967), (-0.01720, -0.02979, -0.00967), (-0.01449, -0.03107, -0.00967), (-0.01163, -0.03195, -0.00967), (-0.00873, -0.03257, -0.00967), (-0.00583, -0.03309, -0.00967), (-0.00294, -0.03359, -0.00967), (-0.00000, -0.03400, -0.00967), (0.00299, -0.03415, -0.00967), (0.00597, -0.03388, -0.00967), (0.00887, -0.03311, -0.00967), (0.01163, -0.03195, -0.00967), (0.01425, -0.03056, -0.00967), (0.01680, -0.02910, -0.00967), (0.01934, -0.02762, -0.00967), (0.02185, -0.02605, -0.00967), (0.02424, -0.02424, -0.00967), (0.02635, -0.02211, -0.00967), (0.02808, -0.01966, -0.00967), (0.02944, -0.01700, -0.00967), (0.03056, -0.01425, -0.00967), (0.03157, -0.01149, -0.00967), (0.03257, -0.00873, -0.00967), (0.03348, -0.00590, -0.00967), (0.03415, -0.00299, -0.00967), (0.03440, 0.00000, -0.00483), (0.03415, 0.00299, -0.00483), (0.03348, 0.00590, -0.00483), (0.03257, 0.00873, -0.00483), (0.03157, 0.01149, -0.00483), (0.03056, 0.01425, -0.00483), (0.02944, 0.01700, -0.00483), (0.02808, 0.01966, -0.00483), (0.02635, 0.02211, -0.00483), (0.02424, 0.02424, -0.00483), (0.02185, 0.02605, -0.00483), (0.01934, 0.02762, -0.00483), (0.01680, 0.02910, -0.00483), (0.01425, 0.03056, -0.00483), (0.01163, 0.03195, -0.00483), (0.00887, 0.03311, -0.00483), (0.00597, 0.03388, -0.00483), (0.00299, 0.03415, -0.00483), (0.00000, 0.03400, -0.00483), (-0.00294, 0.03359, -0.00483), (-0.00583, 0.03309, -0.00483), (-0.00873, 0.03257, -0.00483), (-0.01163, 0.03195, -0.00483), (-0.01449, 0.03107, -0.00483), (-0.01720, 0.02979, -0.00483), (-0.01966, 0.02808, -0.00483), (-0.02185, 0.02605, -0.00483), (-0.02384, 0.02384, -0.00483), (-0.02574, 0.02160, -0.00483), (-0.02762, 0.01934, -0.00483), (-0.02944, 0.01700, -0.00483), (-0.03107, 0.01449, -0.00483), (-0.03233, 0.01177, -0.00483), (-0.03311, 0.00887, -0.00483), (-0.03348, 0.00590, -0.00483), (-0.03359, 0.00294, -0.00483), (-0.03360, 0.00000, -0.00483), (-0.03359, -0.00294, -0.00483), (-0.03348, -0.00590, -0.00483), (-0.03311, -0.00887, -0.00483), (-0.03233, -0.01177, -0.00483), (-0.03107, -0.01449, -0.00483), (-0.02944, -0.01700, -0.00483), (-0.02762, -0.01934, -0.00483), (-0.02574, -0.02160, -0.00483), (-0.02384, -0.02384, -0.00483), (-0.02185, -0.02605, -0.00483), (-0.01966, -0.02808, -0.00483), (-0.01720, -0.02979, -0.00483), (-0.01449, -0.03107, -0.00483), (-0.01163, -0.03195, -0.00483), (-0.00873, -0.03257, -0.00483), (-0.00583, -0.03309, -0.00483), (-0.00294, -0.03359, -0.00483), (-0.00000, -0.03400, -0.00483), (0.00299, -0.03415, -0.00483), (0.00597, -0.03388, -0.00483), (0.00887, -0.03311, -0.00483), (0.01163, -0.03195, -0.00483), (0.01425, -0.03056, -0.00483), (0.01680, -0.02910, -0.00483), (0.01934, -0.02762, -0.00483), (0.02185, -0.02605, -0.00483), (0.02424, -0.02424, -0.00483), (0.02635, -0.02211, -0.00483), (0.02808, -0.01966, -0.00483), (0.02944, -0.01700, -0.00483), (0.03056, -0.01425, -0.00483), (0.03157, -0.01149, -0.00483), (0.03257, -0.00873, -0.00483), (0.03348, -0.00590, -0.00483), (0.03415, -0.00299, -0.00483), (0.03440, 0.00000, 0.00000), (0.03415, 0.00299, 0.00000), (0.03348, 0.00590, 0.00000), (0.03257, 0.00873, 0.00000), (0.03157, 0.01149, 0.00000), (0.03056, 0.01425, 0.00000), (0.02944, 0.01700, 0.00000), (0.02808, 0.01966, 0.00000), (0.02635, 0.02211, 0.00000), (0.02424, 0.02424, 0.00000), (0.02185, 0.02605, 0.00000), (0.01934, 0.02762, 0.00000), (0.01680, 0.02910, 0.00000), (0.01425, 0.03056, 0.00000), (0.01163, 0.03195, 0.00000), (0.00887, 0.03311, 0.00000), (0.00597, 0.03388, 0.00000), (0.00299, 0.03415, 0.00000), (0.00000, 0.03400, 0.00000), (-0.00294, 0.03359, 0.00000), (-0.00583, 0.03309, 0.00000), (-0.00873, 0.03257, 0.00000), (-0.01163, 0.03195, 0.00000), (-0.01449, 0.03107, 0.00000), (-0.01720, 0.02979, 0.00000), (-0.01966, 0.02808, 0.00000), (-0.02185, 0.02605, 0.00000), (-0.02384, 0.02384, 0.00000), (-0.02574, 0.02160, 0.00000), (-0.02762, 0.01934, 0.00000), (-0.02944, 0.01700, 0.00000), (-0.03107, 0.01449, 0.00000), (-0.03233, 0.01177, 0.00000), (-0.03311, 0.00887, 0.00000), (-0.03348, 0.00590, 0.00000), (-0.03359, 0.00294, 0.00000), (-0.03360, 0.00000, 0.00000), (-0.03359, -0.00294, 0.00000), (-0.03348, -0.00590, 0.00000), (-0.03311, -0.00887, 0.00000), (-0.03233, -0.01177, 0.00000), (-0.03107, -0.01449, 0.00000), (-0.02944, -0.01700, 0.00000), (-0.02762, -0.01934, 0.00000), (-0.02574, -0.02160, 0.00000), (-0.02384, -0.02384, 0.00000), (-0.02185, -0.02605, 0.00000), (-0.01966, -0.02808, 0.00000), (-0.01720, -0.02979, 0.00000), (-0.01449, -0.03107, 0.00000), (-0.01163, -0.03195, 0.00000), (-0.00873, -0.03257, 0.00000), (-0.00583, -0.03309, 0.00000), (-0.00294, -0.03359, 0.00000), (-0.00000, -0.03400, 0.00000), (0.00299, -0.03415, 0.00000), (0.00597, -0.03388, 0.00000), (0.00887, -0.03311, 0.00000), (0.01163, -0.03195, 0.00000), (0.01425, -0.03056, 0.00000), (0.01680, -0.02910, 0.00000), (0.01934, -0.02762, 0.00000), (0.02185, -0.02605, 0.00000), (0.02424, -0.02424, 0.00000), (0.02635, -0.02211, 0.00000), (0.02808, -0.01966, 0.00000), (0.02944, -0.01700, 0.00000), (0.03056, -0.01425, 0.00000), (0.03157, -0.01149, 0.00000), (0.03257, -0.00873, 0.00000), (0.03348, -0.00590, 0.00000), (0.03415, -0.00299, 0.00000), (0.03440, 0.00000, 0.00483), (0.03415, 0.00299, 0.00483), (0.03348, 0.00590, 0.00483), (0.03257, 0.00873, 0.00483), (0.03157, 0.01149, 0.00483), (0.03056, 0.01425, 0.00483), (0.02944, 0.01700, 0.00483), (0.02808, 0.01966, 0.00483), (0.02635, 0.02211, 0.00483), (0.02424, 0.02424, 0.00483), (0.02185, 0.02605, 0.00483), (0.01934, 0.02762, 0.00483), (0.01680, 0.02910, 0.00483), (0.01425, 0.03056, 0.00483), (0.01163, 0.03195, 0.00483), (0.00887, 0.03311, 0.00483), (0.00597, 0.03388, 0.00483), (0.00299, 0.03415, 0.00483), (0.00000, 0.03400, 0.00483), (-0.00294, 0.03359, 0.00483), (-0.00583, 0.03309, 0.00483), (-0.00873, 0.03257, 0.00483), (-0.01163, 0.03195, 0.00483), (-0.01449, 0.03107, 0.00483), (-0.01720, 0.02979, 0.00483), (-0.01966, 0.02808, 0.00483), (-0.02185, 0.02605, 0.00483), (-0.02384, 0.02384, 0.00483), (-0.02574, 0.02160, 0.00483), (-0.02762, 0.01934, 0.00483), (-0.02944, 0.01700, 0.00483), (-0.03107, 0.01449, 0.00483), (-0.03233, 0.01177, 0.00483), (-0.03311, 0.00887, 0.00483), (-0.03348, 0.00590, 0.00483), (-0.03359, 0.00294, 0.00483), (-0.03360, 0.00000, 0.00483), (-0.03359, -0.00294, 0.00483), (-0.03348, -0.00590, 0.00483), (-0.03311, -0.00887, 0.00483), (-0.03233, -0.01177, 0.00483), (-0.03107, -0.01449, 0.00483), (-0.02944, -0.01700, 0.00483), (-0.02762, -0.01934, 0.00483), (-0.02574, -0.02160, 0.00483), (-0.02384, -0.02384, 0.00483), (-0.02185, -0.02605, 0.00483), (-0.01966, -0.02808, 0.00483), (-0.01720, -0.02979, 0.00483), (-0.01449, -0.03107, 0.00483), (-0.01163, -0.03195, 0.00483), (-0.00873, -0.03257, 0.00483), (-0.00583, -0.03309, 0.00483), (-0.00294, -0.03359, 0.00483), (-0.00000, -0.03400, 0.00483), (0.00299, -0.03415, 0.00483), (0.00597, -0.03388, 0.00483), (0.00887, -0.03311, 0.00483), (0.01163, -0.03195, 0.00483), (0.01425, -0.03056, 0.00483), (0.01680, -0.02910, 0.00483), (0.01934, -0.02762, 0.00483), (0.02185, -0.02605, 0.00483), (0.02424, -0.02424, 0.00483), (0.02635, -0.02211, 0.00483), (0.02808, -0.01966, 0.00483), (0.02944, -0.01700, 0.00483), (0.03056, -0.01425, 0.00483), (0.03157, -0.01149, 0.00483), (0.03257, -0.00873, 0.00483), (0.03348, -0.00590, 0.00483), (0.03415, -0.00299, 0.00483), (0.03440, 0.00000, 0.00967), (0.03415, 0.00299, 0.00967), (0.03348, 0.00590, 0.00967), (0.03257, 0.00873, 0.00967), (0.03157, 0.01149, 0.00967), (0.03056, 0.01425, 0.00967), (0.02944, 0.01700, 0.00967), (0.02808, 0.01966, 0.00967), (0.02635, 0.02211, 0.00967), (0.02424, 0.02424, 0.00967), (0.02185, 0.02605, 0.00967), (0.01934, 0.02762, 0.00967), (0.01680, 0.02910, 0.00967), (0.01425, 0.03056, 0.00967), (0.01163, 0.03195, 0.00967), (0.00887, 0.03311, 0.00967), (0.00597, 0.03388, 0.00967), (0.00299, 0.03415, 0.00967), (0.00000, 0.03400, 0.00967), (-0.00294, 0.03359, 0.00967), (-0.00583, 0.03309, 0.00967), (-0.00873, 0.03257, 0.00967), (-0.01163, 0.03195, 0.00967), (-0.01449, 0.03107, 0.00967), (-0.01720, 0.02979, 0.00967), (-0.01966, 0.02808, 0.00967), (-0.02185, 0.02605, 0.00967), (-0.02384, 0.02384, 0.00967), (-0.02574, 0.02160, 0.00967), (-0.02762, 0.01934, 0.00967), (-0.02944, 0.01700, 0.00967), (-0.03107, 0.01449, 0.00967), (-0.03233, 0.01177, 0.00967), (-0.03311, 0.00887, 0.00967), (-0.03348, 0.00590, 0.00967), (-0.03359, 0.00294, 0.00967), (-0.03360, 0.00000, 0.00967), (-0.03359, -0.00294, 0.00967), (-0.03348, -0.00590, 0.00967), (-0.03311, -0.00887, 0.00967), (-0.03233, -0.01177, 0.00967), (-0.03107, -0.01449, 0.00967), (-0.02944, -0.01700, 0.00967), (-0.02762, -0.01934, 0.00967), (-0.02574, -0.02160, 0.00967), (-0.02384, -0.02384, 0.00967), (-0.02185, -0.02605, 0.00967), (-0.01966, -0.02808, 0.00967), (-0.01720, -0.02979, 0.00967), (-0.01449, -0.03107, 0.00967), (-0.01163, -0.03195, 0.00967), (-0.00873, -0.03257, 0.00967), (-0.00583, -0.03309, 0.00967), (-0.00294, -0.03359, 0.00967), (-0.00000, -0.03400, 0.00967), (0.00299, -0.03415, 0.00967), (0.00597, -0.03388, 0.00967), (0.00887, -0.03311, 0.00967), (0.01163, -0.03195, 0.00967), (0.01425, -0.03056, 0.00967), (0.01680, -0.02910, 0.00967), (0.01934, -0.02762, 0.00967), (0.02185, -0.02605, 0.00967), (0.02424, -0.02424, 0.00967), (0.02635, -0.02211, 0.00967), (0.02808, -0.01966, 0.00967), (0.02944, -0.01700, 0.00967), (0.03056, -0.01425, 0.00967), (0.03157, -0.01149, 0.00967), (0.03257, -0.00873, 0.00967), (0.03348, -0.00590, 0.00967), (0.03415, -0.00299, 0.00967), (0.03440, 0.00000, 0.01450), (0.03415, 0.00299, 0.01450), (0.03348, 0.00590, 0.01450), (0.03257, 0.00873, 0.01450), (0.03157, 0.01149, 0.01450), (0.03056, 0.01425, 0.01450), (0.02944, 0.01700, 0.01450), (0.02808, 0.01966, 0.01450), (0.02635, 0.02211, 0.01450), (0.02424, 0.02424, 0.01450), (0.02185, 0.02605, 0.01450), (0.01934, 0.02762, 0.01450), (0.01680, 0.02910, 0.01450), (0.01425, 0.03056, 0.01450), (0.01163, 0.03195, 0.01450), (0.00887, 0.03311, 0.01450), (0.00597, 0.03388, 0.01450), (0.00299, 0.03415, 0.01450), (0.00000, 0.03400, 0.01450), (-0.00294, 0.03359, 0.01450), (-0.00583, 0.03309, 0.01450), (-0.00873, 0.03257, 0.01450), (-0.01163, 0.03195, 0.01450), (-0.01449, 0.03107, 0.01450), (-0.01720, 0.02979, 0.01450), (-0.01966, 0.02808, 0.01450), (-0.02185, 0.02605, 0.01450), (-0.02384, 0.02384, 0.01450), (-0.02574, 0.02160, 0.01450), (-0.02762, 0.01934, 0.01450), (-0.02944, 0.01700, 0.01450), (-0.03107, 0.01449, 0.01450), (-0.03233, 0.01177, 0.01450), (-0.03311, 0.00887, 0.01450), (-0.03348, 0.00590, 0.01450), (-0.03359, 0.00294, 0.01450), (-0.03360, 0.00000, 0.01450), (-0.03359, -0.00294, 0.01450), (-0.03348, -0.00590, 0.01450), (-0.03311, -0.00887, 0.01450), (-0.03233, -0.01177, 0.01450), (-0.03107, -0.01449, 0.01450), (-0.02944, -0.01700, 0.01450), (-0.02762, -0.01934, 0.01450), (-0.02574, -0.02160, 0.01450), (-0.02384, -0.02384, 0.01450), (-0.02185, -0.02605, 0.01450), (-0.01966, -0.02808, 0.01450), (-0.01720, -0.02979, 0.01450), (-0.01449, -0.03107, 0.01450), (-0.01163, -0.03195, 0.01450), (-0.00873, -0.03257, 0.01450), (-0.00583, -0.03309, 0.01450), (-0.00294, -0.03359, 0.01450), (-0.00000, -0.03400, 0.01450), (0.00299, -0.03415, 0.01450), (0.00597, -0.03388, 0.01450), (0.00887, -0.03311, 0.01450), (0.01163, -0.03195, 0.01450), (0.01425, -0.03056, 0.01450), (0.01680, -0.02910, 0.01450), (0.01934, -0.02762, 0.01450), (0.02185, -0.02605, 0.01450), (0.02424, -0.02424, 0.01450), (0.02635, -0.02211, 0.01450), (0.02808, -0.01966, 0.01450), (0.02944, -0.01700, 0.01450), (0.03056, -0.01425, 0.01450), (0.03157, -0.01149, 0.01450), (0.03257, -0.00873, 0.01450), (0.03348, -0.00590, 0.01450), (0.03415, -0.00299, 0.01450), (0.03440, 0.00000, 0.01933), (0.03415, 0.00299, 0.01933), (0.03348, 0.00590, 0.01933), (0.03257, 0.00873, 0.01933), (0.03157, 0.01149, 0.01933), (0.03056, 0.01425, 0.01933), (0.02944, 0.01700, 0.01933), (0.02808, 0.01966, 0.01933), (0.02635, 0.02211, 0.01933), (0.02424, 0.02424, 0.01933), (0.02185, 0.02605, 0.01933), (0.01934, 0.02762, 0.01933), (0.01680, 0.02910, 0.01933), (0.01425, 0.03056, 0.01933), (0.01163, 0.03195, 0.01933), (0.00887, 0.03311, 0.01933), (0.00597, 0.03388, 0.01933), (0.00299, 0.03415, 0.01933), (0.00000, 0.03400, 0.01933), (-0.00294, 0.03359, 0.01933), (-0.00583, 0.03309, 0.01933), (-0.00873, 0.03257, 0.01933), (-0.01163, 0.03195, 0.01933), (-0.01449, 0.03107, 0.01933), (-0.01720, 0.02979, 0.01933), (-0.01966, 0.02808, 0.01933), (-0.02185, 0.02605, 0.01933), (-0.02384, 0.02384, 0.01933), (-0.02574, 0.02160, 0.01933), (-0.02762, 0.01934, 0.01933), (-0.02944, 0.01700, 0.01933), (-0.03107, 0.01449, 0.01933), (-0.03233, 0.01177, 0.01933), (-0.03311, 0.00887, 0.01933), (-0.03348, 0.00590, 0.01933), (-0.03359, 0.00294, 0.01933), (-0.03360, 0.00000, 0.01933), (-0.03359, -0.00294, 0.01933), (-0.03348, -0.00590, 0.01933), (-0.03311, -0.00887, 0.01933), (-0.03233, -0.01177, 0.01933), (-0.03107, -0.01449, 0.01933), (-0.02944, -0.01700, 0.01933), (-0.02762, -0.01934, 0.01933), (-0.02574, -0.02160, 0.01933), (-0.02384, -0.02384, 0.01933), (-0.02185, -0.02605, 0.01933), (-0.01966, -0.02808, 0.01933), (-0.01720, -0.02979, 0.01933), (-0.01449, -0.03107, 0.01933), (-0.01163, -0.03195, 0.01933), (-0.00873, -0.03257, 0.01933), (-0.00583, -0.03309, 0.01933), (-0.00294, -0.03359, 0.01933), (-0.00000, -0.03400, 0.01933), (0.00299, -0.03415, 0.01933), (0.00597, -0.03388, 0.01933), (0.00887, -0.03311, 0.01933), (0.01163, -0.03195, 0.01933), (0.01425, -0.03056, 0.01933), (0.01680, -0.02910, 0.01933), (0.01934, -0.02762, 0.01933), (0.02185, -0.02605, 0.01933), (0.02424, -0.02424, 0.01933), (0.02635, -0.02211, 0.01933), (0.02808, -0.01966, 0.01933), (0.02944, -0.01700, 0.01933), (0.03056, -0.01425, 0.01933), (0.03157, -0.01149, 0.01933), (0.03257, -0.00873, 0.01933), (0.03348, -0.00590, 0.01933), (0.03415, -0.00299, 0.01933), (0.03440, 0.00000, 0.02417), (0.03415, 0.00299, 0.02417), (0.03348, 0.00590, 0.02417), (0.03257, 0.00873, 0.02417), (0.03157, 0.01149, 0.02417), (0.03056, 0.01425, 0.02417), (0.02944, 0.01700, 0.02417), (0.02808, 0.01966, 0.02417), (0.02635, 0.02211, 0.02417), (0.02424, 0.02424, 0.02417), (0.02185, 0.02605, 0.02417), (0.01934, 0.02762, 0.02417), (0.01680, 0.02910, 0.02417), (0.01425, 0.03056, 0.02417), (0.01163, 0.03195, 0.02417), (0.00887, 0.03311, 0.02417), (0.00597, 0.03388, 0.02417), (0.00299, 0.03415, 0.02417), (0.00000, 0.03400, 0.02417), (-0.00294, 0.03359, 0.02417), (-0.00583, 0.03309, 0.02417), (-0.00873, 0.03257, 0.02417), (-0.01163, 0.03195, 0.02417), (-0.01449, 0.03107, 0.02417), (-0.01720, 0.02979, 0.02417), (-0.01966, 0.02808, 0.02417), (-0.02185, 0.02605, 0.02417), (-0.02384, 0.02384, 0.02417), (-0.02574, 0.02160, 0.02417), (-0.02762, 0.01934, 0.02417), (-0.02944, 0.01700, 0.02417), (-0.03107, 0.01449, 0.02417), (-0.03233, 0.01177, 0.02417), (-0.03311, 0.00887, 0.02417), (-0.03348, 0.00590, 0.02417), (-0.03359, 0.00294, 0.02417), (-0.03360, 0.00000, 0.02417), (-0.03359, -0.00294, 0.02417), (-0.03348, -0.00590, 0.02417), (-0.03311, -0.00887, 0.02417), (-0.03233, -0.01177, 0.02417), (-0.03107, -0.01449, 0.02417), (-0.02944, -0.01700, 0.02417), (-0.02762, -0.01934, 0.02417), (-0.02574, -0.02160, 0.02417), (-0.02384, -0.02384, 0.02417), (-0.02185, -0.02605, 0.02417), (-0.01966, -0.02808, 0.02417), (-0.01720, -0.02979, 0.02417), (-0.01449, -0.03107, 0.02417), (-0.01163, -0.03195, 0.02417), (-0.00873, -0.03257, 0.02417), (-0.00583, -0.03309, 0.02417), (-0.00294, -0.03359, 0.02417), (-0.00000, -0.03400, 0.02417), (0.00299, -0.03415, 0.02417), (0.00597, -0.03388, 0.02417), (0.00887, -0.03311, 0.02417), (0.01163, -0.03195, 0.02417), (0.01425, -0.03056, 0.02417), (0.01680, -0.02910, 0.02417), (0.01934, -0.02762, 0.02417), (0.02185, -0.02605, 0.02417), (0.02424, -0.02424, 0.02417), (0.02635, -0.02211, 0.02417), (0.02808, -0.01966, 0.02417), (0.02944, -0.01700, 0.02417), (0.03056, -0.01425, 0.02417), (0.03157, -0.01149, 0.02417), (0.03257, -0.00873, 0.02417), (0.03348, -0.00590, 0.02417), (0.03415, -0.00299, 0.02417), (0.03440, 0.00000, 0.02900), (0.03415, 0.00299, 0.02900), (0.03348, 0.00590, 0.02900), (0.03257, 0.00873, 0.02900), (0.03157, 0.01149, 0.02900), (0.03056, 0.01425, 0.02900), (0.02944, 0.01700, 0.02900), (0.02808, 0.01966, 0.02900), (0.02635, 0.02211, 0.02900), (0.02424, 0.02424, 0.02900), (0.02185, 0.02605, 0.02900), (0.01934, 0.02762, 0.02900), (0.01680, 0.02910, 0.02900), (0.01425, 0.03056, 0.02900), (0.01163, 0.03195, 0.02900), (0.00887, 0.03311, 0.02900), (0.00597, 0.03388, 0.02900), (0.00299, 0.03415, 0.02900), (0.00000, 0.03400, 0.02900), (-0.00294, 0.03359, 0.02900), (-0.00583, 0.03309, 0.02900), (-0.00873, 0.03257, 0.02900), (-0.01163, 0.03195, 0.02900), (-0.01449, 0.03107, 0.02900), (-0.01720, 0.02979, 0.02900), (-0.01966, 0.02808, 0.02900), (-0.02185, 0.02605, 0.02900), (-0.02384, 0.02384, 0.02900), (-0.02574, 0.02160, 0.02900), (-0.02762, 0.01934, 0.02900), (-0.02944, 0.01700, 0.02900), (-0.03107, 0.01449, 0.02900), (-0.03233, 0.01177, 0.02900), (-0.03311, 0.00887, 0.02900), (-0.03348, 0.00590, 0.02900), (-0.03359, 0.00294, 0.02900), (-0.03360, 0.00000, 0.02900), (-0.03359, -0.00294, 0.02900), (-0.03348, -0.00590, 0.02900), (-0.03311, -0.00887, 0.02900), (-0.03233, -0.01177, 0.02900), (-0.03107, -0.01449, 0.02900), (-0.02944, -0.01700, 0.02900), (-0.02762, -0.01934, 0.02900), (-0.02574, -0.02160, 0.02900), (-0.02384, -0.02384, 0.02900), (-0.02185, -0.02605, 0.02900), (-0.01966, -0.02808, 0.02900), (-0.01720, -0.02979, 0.02900), (-0.01449, -0.03107, 0.02900), (-0.01163, -0.03195, 0.02900), (-0.00873, -0.03257, 0.02900), (-0.00583, -0.03309, 0.02900), (-0.00294, -0.03359, 0.02900), (-0.00000, -0.03400, 0.02900), (0.00299, -0.03415, 0.02900), (0.00597, -0.03388, 0.02900), (0.00887, -0.03311, 0.02900), (0.01163, -0.03195, 0.02900), (0.01425, -0.03056, 0.02900), (0.01680, -0.02910, 0.02900), (0.01934, -0.02762, 0.02900), (0.02185, -0.02605, 0.02900), (0.02424, -0.02424, 0.02900), (0.02635, -0.02211, 0.02900), (0.02808, -0.01966, 0.02900), (0.02944, -0.01700, 0.02900), (0.03056, -0.01425, 0.02900), (0.03157, -0.01149, 0.02900), (0.03257, -0.00873, 0.02900), (0.03348, -0.00590, 0.02900), (0.03415, -0.00299, 0.02900), (0.03550, 0.00000, 0.02900), (0.03536, 0.00309, 0.02900), (0.03496, 0.00616, 0.02900), (0.03429, 0.00919, 0.02900), (0.03336, 0.01214, 0.02900), (0.03217, 0.01500, 0.02900), (0.03074, 0.01775, 0.02900), (0.02908, 0.02036, 0.02900), (0.02719, 0.02282, 0.02900), (0.02510, 0.02510, 0.02900), (0.02282, 0.02719, 0.02900), (0.02036, 0.02908, 0.02900), (0.01775, 0.03074, 0.02900), (0.01500, 0.03217, 0.02900), (0.01214, 0.03336, 0.02900), (0.00919, 0.03429, 0.02900), (0.00616, 0.03496, 0.02900), (0.00309, 0.03536, 0.02900), (0.00000, 0.03550, 0.02900), (-0.00309, 0.03536, 0.02900), (-0.00616, 0.03496, 0.02900), (-0.00919, 0.03429, 0.02900), (-0.01214, 0.03336, 0.02900), (-0.01500, 0.03217, 0.02900), (-0.01775, 0.03074, 0.02900), (-0.02036, 0.02908, 0.02900), (-0.02282, 0.02719, 0.02900), (-0.02510, 0.02510, 0.02900), (-0.02719, 0.02282, 0.02900), (-0.02908, 0.02036, 0.02900), (-0.03074, 0.01775, 0.02900), (-0.03217, 0.01500, 0.02900), (-0.03336, 0.01214, 0.02900), (-0.03429, 0.00919, 0.02900), (-0.03496, 0.00616, 0.02900), (-0.03536, 0.00309, 0.02900), (-0.03550, 0.00000, 0.02900), (-0.03536, -0.00309, 0.02900), (-0.03496, -0.00616, 0.02900), (-0.03429, -0.00919, 0.02900), (-0.03336, -0.01214, 0.02900), (-0.03217, -0.01500, 0.02900), (-0.03074, -0.01775, 0.02900), (-0.02908, -0.02036, 0.02900), (-0.02719, -0.02282, 0.02900), (-0.02510, -0.02510, 0.02900), (-0.02282, -0.02719, 0.02900), (-0.02036, -0.02908, 0.02900), (-0.01775, -0.03074, 0.02900), (-0.01500, -0.03217, 0.02900), (-0.01214, -0.03336, 0.02900), (-0.00919, -0.03429, 0.02900), (-0.00616, -0.03496, 0.02900), (-0.00309, -0.03536, 0.02900), (-0.00000, -0.03550, 0.02900), (0.00309, -0.03536, 0.02900), (0.00616, -0.03496, 0.02900), (0.00919, -0.03429, 0.02900), (0.01214, -0.03336, 0.02900), (0.01500, -0.03217, 0.02900), (0.01775, -0.03074, 0.02900), (0.02036, -0.02908, 0.02900), (0.02282, -0.02719, 0.02900), (0.02510, -0.02510, 0.02900), (0.02719, -0.02282, 0.02900), (0.02908, -0.02036, 0.02900), (0.03074, -0.01775, 0.02900), (0.03217, -0.01500, 0.02900), (0.03336, -0.01214, 0.02900), (0.03429, -0.00919, 0.02900), (0.03496, -0.00616, 0.02900), (0.03536, -0.00309, 0.02900), (0.03550, 0.00000, -0.02900), (0.03536, 0.00309, -0.02900), (0.03496, 0.00616, -0.02900), (0.03429, 0.00919, -0.02900), (0.03336, 0.01214, -0.02900), (0.03217, 0.01500, -0.02900), (0.03074, 0.01775, -0.02900), (0.02908, 0.02036, -0.02900), (0.02719, 0.02282, -0.02900), (0.02510, 0.02510, -0.02900), (0.02282, 0.02719, -0.02900), (0.02036, 0.02908, -0.02900), (0.01775, 0.03074, -0.02900), (0.01500, 0.03217, -0.02900), (0.01214, 0.03336, -0.02900), (0.00919, 0.03429, -0.02900), (0.00616, 0.03496, -0.02900), (0.00309, 0.03536, -0.02900), (0.00000, 0.03550, -0.02900), (-0.00309, 0.03536, -0.02900), (-0.00616, 0.03496, -0.02900), (-0.00919, 0.03429, -0.02900), (-0.01214, 0.03336, -0.02900), (-0.01500, 0.03217, -0.02900), (-0.01775, 0.03074, -0.02900), (-0.02036, 0.02908, -0.02900), (-0.02282, 0.02719, -0.02900), (-0.02510, 0.02510, -0.02900), (-0.02719, 0.02282, -0.02900), (-0.02908, 0.02036, -0.02900), (-0.03074, 0.01775, -0.02900), (-0.03217, 0.01500, -0.02900), (-0.03336, 0.01214, -0.02900), (-0.03429, 0.00919, -0.02900), (-0.03496, 0.00616, -0.02900), (-0.03536, 0.00309, -0.02900), (-0.03550, 0.00000, -0.02900), (-0.03536, -0.00309, -0.02900), (-0.03496, -0.00616, -0.02900), (-0.03429, -0.00919, -0.02900), (-0.03336, -0.01214, -0.02900), (-0.03217, -0.01500, -0.02900), (-0.03074, -0.01775, -0.02900), (-0.02908, -0.02036, -0.02900), (-0.02719, -0.02282, -0.02900), (-0.02510, -0.02510, -0.02900), (-0.02282, -0.02719, -0.02900), (-0.02036, -0.02908, -0.02900), (-0.01775, -0.03074, -0.02900), (-0.01500, -0.03217, -0.02900), (-0.01214, -0.03336, -0.02900), (-0.00919, -0.03429, -0.02900), (-0.00616, -0.03496, -0.02900), (-0.00309, -0.03536, -0.02900), (-0.00000, -0.03550, -0.02900), (0.00309, -0.03536, -0.02900), (0.00616, -0.03496, -0.02900), (0.00919, -0.03429, -0.02900), (0.01214, -0.03336, -0.02900), (0.01500, -0.03217, -0.02900), (0.01775, -0.03074, -0.02900), (0.02036, -0.02908, -0.02900), (0.02282, -0.02719, -0.02900), (0.02510, -0.02510, -0.02900), (0.02719, -0.02282, -0.02900), (0.02908, -0.02036, -0.02900), (0.03074, -0.01775, -0.02900), (0.03217, -0.01500, -0.02900), (0.03336, -0.01214, -0.02900), (0.03429, -0.00919, -0.02900), (0.03496, -0.00616, -0.02900), (0.03536, -0.00309, -0.02900), (0.03247, 0.00000, -0.02720), (0.03235, 0.00283, -0.02720), (0.03198, 0.00564, -0.02720), (0.03136, 0.00840, -0.02720), (0.03051, 0.01111, -0.02720), (0.02943, 0.01372, -0.02720), (0.02812, 0.01623, -0.02720), (0.02660, 0.01862, -0.02720), (0.02487, 0.02087, -0.02720), (0.02296, 0.02296, -0.02720), (0.02087, 0.02487, -0.02720), (0.01862, 0.02660, -0.02720), (0.01624, 0.02812, -0.02720), (0.01372, 0.02943, -0.02720), (0.01111, 0.03051, -0.02720), (0.00840, 0.03136, -0.02720), (0.00564, 0.03198, -0.02720), (0.00283, 0.03235, -0.02720), (0.00000, 0.03247, -0.02720), (-0.00283, 0.03235, -0.02720), (-0.00564, 0.03198, -0.02720), (-0.00840, 0.03136, -0.02720), (-0.01111, 0.03051, -0.02720), (-0.01372, 0.02943, -0.02720), (-0.01623, 0.02812, -0.02720), (-0.01862, 0.02660, -0.02720), (-0.02087, 0.02487, -0.02720), (-0.02296, 0.02296, -0.02720), (-0.02487, 0.02087, -0.02720), (-0.02660, 0.01862, -0.02720), (-0.02812, 0.01624, -0.02720), (-0.02943, 0.01372, -0.02720), (-0.03051, 0.01111, -0.02720), (-0.03136, 0.00840, -0.02720), (-0.03198, 0.00564, -0.02720), (-0.03235, 0.00283, -0.02720), (-0.03247, 0.00000, -0.02720), (-0.03235, -0.00283, -0.02720), (-0.03198, -0.00564, -0.02720), (-0.03136, -0.00840, -0.02720), (-0.03051, -0.01111, -0.02720), (-0.02943, -0.01372, -0.02720), (-0.02812, -0.01624, -0.02720), (-0.02660, -0.01862, -0.02720), (-0.02487, -0.02087, -0.02720), (-0.02296, -0.02296, -0.02720), (-0.02087, -0.02487, -0.02720), (-0.01862, -0.02660, -0.02720), (-0.01624, -0.02812, -0.02720), (-0.01372, -0.02943, -0.02720), (-0.01111, -0.03051, -0.02720), (-0.00840, -0.03136, -0.02720), (-0.00564, -0.03198, -0.02720), (-0.00283, -0.03235, -0.02720), (-0.00000, -0.03247, -0.02720), (0.00283, -0.03235, -0.02720), (0.00564, -0.03198, -0.02720), (0.00840, -0.03136, -0.02720), (0.01111, -0.03051, -0.02720), (0.01372, -0.02943, -0.02720), (0.01623, -0.02812, -0.02720), (0.01862, -0.02660, -0.02720), (0.02087, -0.02487, -0.02720), (0.02296, -0.02296, -0.02720), (0.02487, -0.02087, -0.02720), (0.02660, -0.01862, -0.02720), (0.02812, -0.01623, -0.02720), (0.02943, -0.01372, -0.02720), (0.03051, -0.01111, -0.02720), (0.03136, -0.00840, -0.02720), (0.03198, -0.00564, -0.02720), (0.03235, -0.00283, -0.02720), (0.03060, 0.00000, -0.02600), (0.03048, 0.00267, -0.02600), (0.03014, 0.00531, -0.02600), (0.02956, 0.00792, -0.02600), (0.02875, 0.01047, -0.02600), (0.02773, 0.01293, -0.02600), (0.02650, 0.01530, -0.02600), (0.02507, 0.01755, -0.02600), (0.02344, 0.01967, -0.02600), (0.02164, 0.02164, -0.02600), (0.01967, 0.02344, -0.02600), (0.01755, 0.02507, -0.02600), (0.01530, 0.02650, -0.02600), (0.01293, 0.02773, -0.02600), (0.01047, 0.02875, -0.02600), (0.00792, 0.02956, -0.02600), (0.00531, 0.03014, -0.02600), (0.00267, 0.03048, -0.02600), (0.00000, 0.03060, -0.02600), (-0.00267, 0.03048, -0.02600), (-0.00531, 0.03014, -0.02600), (-0.00792, 0.02956, -0.02600), (-0.01047, 0.02875, -0.02600), (-0.01293, 0.02773, -0.02600), (-0.01530, 0.02650, -0.02600), (-0.01755, 0.02507, -0.02600), (-0.01967, 0.02344, -0.02600), (-0.02164, 0.02164, -0.02600), (-0.02344, 0.01967, -0.02600), (-0.02507, 0.01755, -0.02600), (-0.02650, 0.01530, -0.02600), (-0.02773, 0.01293, -0.02600), (-0.02875, 0.01047, -0.02600), (-0.02956, 0.00792, -0.02600), (-0.03014, 0.00531, -0.02600), (-0.03048, 0.00267, -0.02600), (-0.03060, 0.00000, -0.02600), (-0.03048, -0.00267, -0.02600), (-0.03014, -0.00531, -0.02600), (-0.02956, -0.00792, -0.02600), (-0.02875, -0.01047, -0.02600), (-0.02773, -0.01293, -0.02600), (-0.02650, -0.01530, -0.02600), (-0.02507, -0.01755, -0.02600), (-0.02344, -0.01967, -0.02600), (-0.02164, -0.02164, -0.02600), (-0.01967, -0.02344, -0.02600), (-0.01755, -0.02507, -0.02600), (-0.01530, -0.02650, -0.02600), (-0.01293, -0.02773, -0.02600), (-0.01047, -0.02875, -0.02600), (-0.00792, -0.02956, -0.02600), (-0.00531, -0.03014, -0.02600), (-0.00267, -0.03048, -0.02600), (-0.00000, -0.03060, -0.02600), (0.00267, -0.03048, -0.02600), (0.00531, -0.03014, -0.02600), (0.00792, -0.02956, -0.02600), (0.01047, -0.02875, -0.02600), (0.01293, -0.02773, -0.02600), (0.01530, -0.02650, -0.02600), (0.01755, -0.02507, -0.02600), (0.01967, -0.02344, -0.02600), (0.02164, -0.02164, -0.02600), (0.02344, -0.01967, -0.02600), (0.02507, -0.01755, -0.02600), (0.02650, -0.01530, -0.02600), (0.02773, -0.01293, -0.02600), (0.02875, -0.01047, -0.02600), (0.02956, -0.00792, -0.02600), (0.03014, -0.00531, -0.02600), (0.03048, -0.00267, -0.02600), (0.01870, 0.00000, -0.02640), (0.01863, 0.00163, -0.02640), (0.01842, 0.00325, -0.02640), (0.01806, 0.00484, -0.02640), (0.01757, 0.00640, -0.02640), (0.01695, 0.00790, -0.02640), (0.01619, 0.00935, -0.02640), (0.01532, 0.01073, -0.02640), (0.01433, 0.01202, -0.02640), (0.01322, 0.01322, -0.02640), (0.01202, 0.01433, -0.02640), (0.01073, 0.01532, -0.02640), (0.00935, 0.01619, -0.02640), (0.00790, 0.01695, -0.02640), (0.00640, 0.01757, -0.02640), (0.00484, 0.01806, -0.02640), (0.00325, 0.01842, -0.02640), (0.00163, 0.01863, -0.02640), (0.00000, 0.01870, -0.02640), (-0.00163, 0.01863, -0.02640), (-0.00325, 0.01842, -0.02640), (-0.00484, 0.01806, -0.02640), (-0.00640, 0.01757, -0.02640), (-0.00790, 0.01695, -0.02640), (-0.00935, 0.01619, -0.02640), (-0.01073, 0.01532, -0.02640), (-0.01202, 0.01433, -0.02640), (-0.01322, 0.01322, -0.02640), (-0.01433, 0.01202, -0.02640), (-0.01532, 0.01073, -0.02640), (-0.01619, 0.00935, -0.02640), (-0.01695, 0.00790, -0.02640), (-0.01757, 0.00640, -0.02640), (-0.01806, 0.00484, -0.02640), (-0.01842, 0.00325, -0.02640), (-0.01863, 0.00163, -0.02640), (-0.01870, 0.00000, -0.02640), (-0.01863, -0.00163, -0.02640), (-0.01842, -0.00325, -0.02640), (-0.01806, -0.00484, -0.02640), (-0.01757, -0.00640, -0.02640), (-0.01695, -0.00790, -0.02640), (-0.01619, -0.00935, -0.02640), (-0.01532, -0.01073, -0.02640), (-0.01433, -0.01202, -0.02640), (-0.01322, -0.01322, -0.02640), (-0.01202, -0.01433, -0.02640), (-0.01073, -0.01532, -0.02640), (-0.00935, -0.01619, -0.02640), (-0.00790, -0.01695, -0.02640), (-0.00640, -0.01757, -0.02640), (-0.00484, -0.01806, -0.02640), (-0.00325, -0.01842, -0.02640), (-0.00163, -0.01863, -0.02640), (-0.00000, -0.01870, -0.02640), (0.00163, -0.01863, -0.02640), (0.00325, -0.01842, -0.02640), (0.00484, -0.01806, -0.02640), (0.00640, -0.01757, -0.02640), (0.00790, -0.01695, -0.02640), (0.00935, -0.01619, -0.02640), (0.01073, -0.01532, -0.02640), (0.01202, -0.01433, -0.02640), (0.01322, -0.01322, -0.02640), (0.01433, -0.01202, -0.02640), (0.01532, -0.01073, -0.02640), (0.01619, -0.00935, -0.02640), (0.01695, -0.00790, -0.02640), (0.01757, -0.00640, -0.02640), (0.01806, -0.00484, -0.02640), (0.01842, -0.00325, -0.02640), (0.01863, -0.00163, -0.02640), (0.01020, 0.00000, -0.02600), (0.01016, 0.00089, -0.02600), (0.01005, 0.00177, -0.02600), (0.00985, 0.00264, -0.02600), (0.00958, 0.00349, -0.02600), (0.00924, 0.00431, -0.02600), (0.00883, 0.00510, -0.02600), (0.00836, 0.00585, -0.02600), (0.00781, 0.00656, -0.02600), (0.00721, 0.00721, -0.02600), (0.00656, 0.00781, -0.02600), (0.00585, 0.00836, -0.02600), (0.00510, 0.00883, -0.02600), (0.00431, 0.00924, -0.02600), (0.00349, 0.00958, -0.02600), (0.00264, 0.00985, -0.02600), (0.00177, 0.01005, -0.02600), (0.00089, 0.01016, -0.02600), (0.00000, 0.01020, -0.02600), (-0.00089, 0.01016, -0.02600), (-0.00177, 0.01005, -0.02600), (-0.00264, 0.00985, -0.02600), (-0.00349, 0.00958, -0.02600), (-0.00431, 0.00924, -0.02600), (-0.00510, 0.00883, -0.02600), (-0.00585, 0.00836, -0.02600), (-0.00656, 0.00781, -0.02600), (-0.00721, 0.00721, -0.02600), (-0.00781, 0.00656, -0.02600), (-0.00836, 0.00585, -0.02600), (-0.00883, 0.00510, -0.02600), (-0.00924, 0.00431, -0.02600), (-0.00958, 0.00349, -0.02600), (-0.00985, 0.00264, -0.02600), (-0.01005, 0.00177, -0.02600), (-0.01016, 0.00089, -0.02600), (-0.01020, 0.00000, -0.02600), (-0.01016, -0.00089, -0.02600), (-0.01005, -0.00177, -0.02600), (-0.00985, -0.00264, -0.02600), (-0.00958, -0.00349, -0.02600), (-0.00924, -0.00431, -0.02600), (-0.00883, -0.00510, -0.02600), (-0.00836, -0.00585, -0.02600), (-0.00781, -0.00656, -0.02600), (-0.00721, -0.00721, -0.02600), (-0.00656, -0.00781, -0.02600), (-0.00585, -0.00836, -0.02600), (-0.00510, -0.00883, -0.02600), (-0.00431, -0.00924, -0.02600), (-0.00349, -0.00958, -0.02600), (-0.00264, -0.00985, -0.02600), (-0.00177, -0.01005, -0.02600), (-0.00089, -0.01016, -0.02600), (-0.00000, -0.01020, -0.02600), (0.00089, -0.01016, -0.02600), (0.00177, -0.01005, -0.02600), (0.00264, -0.00985, -0.02600), (0.00349, -0.00958, -0.02600), (0.00431, -0.00924, -0.02600), (0.00510, -0.00883, -0.02600), (0.00585, -0.00836, -0.02600), (0.00656, -0.00781, -0.02600), (0.00721, -0.00721, -0.02600), (0.00781, -0.00656, -0.02600), (0.00836, -0.00585, -0.02600), (0.00883, -0.00510, -0.02600), (0.00924, -0.00431, -0.02600), (0.00958, -0.00349, -0.02600), (0.00985, -0.00264, -0.02600), (0.01005, -0.00177, -0.02600), (0.01016, -0.00089, -0.02600), (0.00000, 0.00000, -0.02640), (0.03247, 0.00000, 0.02720), (0.03235, 0.00283, 0.02720), (0.03198, 0.00564, 0.02720), (0.03136, 0.00840, 0.02720), (0.03051, 0.01111, 0.02720), (0.02943, 0.01372, 0.02720), (0.02812, 0.01623, 0.02720), (0.02660, 0.01862, 0.02720), (0.02487, 0.02087, 0.02720), (0.02296, 0.02296, 0.02720), (0.02087, 0.02487, 0.02720), (0.01862, 0.02660, 0.02720), (0.01624, 0.02812, 0.02720), (0.01372, 0.02943, 0.02720), (0.01111, 0.03051, 0.02720), (0.00840, 0.03136, 0.02720), (0.00564, 0.03198, 0.02720), (0.00283, 0.03235, 0.02720), (0.00000, 0.03247, 0.02720), (-0.00283, 0.03235, 0.02720), (-0.00564, 0.03198, 0.02720), (-0.00840, 0.03136, 0.02720), (-0.01111, 0.03051, 0.02720), (-0.01372, 0.02943, 0.02720), (-0.01623, 0.02812, 0.02720), (-0.01862, 0.02660, 0.02720), (-0.02087, 0.02487, 0.02720), (-0.02296, 0.02296, 0.02720), (-0.02487, 0.02087, 0.02720), (-0.02660, 0.01862, 0.02720), (-0.02812, 0.01624, 0.02720), (-0.02943, 0.01372, 0.02720), (-0.03051, 0.01111, 0.02720), (-0.03136, 0.00840, 0.02720), (-0.03198, 0.00564, 0.02720), (-0.03235, 0.00283, 0.02720), (-0.03247, 0.00000, 0.02720), (-0.03235, -0.00283, 0.02720), (-0.03198, -0.00564, 0.02720), (-0.03136, -0.00840, 0.02720), (-0.03051, -0.01111, 0.02720), (-0.02943, -0.01372, 0.02720), (-0.02812, -0.01624, 0.02720), (-0.02660, -0.01862, 0.02720), (-0.02487, -0.02087, 0.02720), (-0.02296, -0.02296, 0.02720), (-0.02087, -0.02487, 0.02720), (-0.01862, -0.02660, 0.02720), (-0.01624, -0.02812, 0.02720), (-0.01372, -0.02943, 0.02720), (-0.01111, -0.03051, 0.02720), (-0.00840, -0.03136, 0.02720), (-0.00564, -0.03198, 0.02720), (-0.00283, -0.03235, 0.02720), (-0.00000, -0.03247, 0.02720), (0.00283, -0.03235, 0.02720), (0.00564, -0.03198, 0.02720), (0.00840, -0.03136, 0.02720), (0.01111, -0.03051, 0.02720), (0.01372, -0.02943, 0.02720), (0.01623, -0.02812, 0.02720), (0.01862, -0.02660, 0.02720), (0.02087, -0.02487, 0.02720), (0.02296, -0.02296, 0.02720), (0.02487, -0.02087, 0.02720), (0.02660, -0.01862, 0.02720), (0.02812, -0.01623, 0.02720), (0.02943, -0.01372, 0.02720), (0.03051, -0.01111, 0.02720), (0.03136, -0.00840, 0.02720), (0.03198, -0.00564, 0.02720), (0.03235, -0.00283, 0.02720), (0.03060, 0.00000, 0.02600), (0.03048, 0.00267, 0.02600), (0.03014, 0.00531, 0.02600), (0.02956, 0.00792, 0.02600), (0.02875, 0.01047, 0.02600), (0.02773, 0.01293, 0.02600), (0.02650, 0.01530, 0.02600), (0.02507, 0.01755, 0.02600), (0.02344, 0.01967, 0.02600), (0.02164, 0.02164, 0.02600), (0.01967, 0.02344, 0.02600), (0.01755, 0.02507, 0.02600), (0.01530, 0.02650, 0.02600), (0.01293, 0.02773, 0.02600), (0.01047, 0.02875, 0.02600), (0.00792, 0.02956, 0.02600), (0.00531, 0.03014, 0.02600), (0.00267, 0.03048, 0.02600), (0.00000, 0.03060, 0.02600), (-0.00267, 0.03048, 0.02600), (-0.00531, 0.03014, 0.02600), (-0.00792, 0.02956, 0.02600), (-0.01047, 0.02875, 0.02600), (-0.01293, 0.02773, 0.02600), (-0.01530, 0.02650, 0.02600), (-0.01755, 0.02507, 0.02600), (-0.01967, 0.02344, 0.02600), (-0.02164, 0.02164, 0.02600), (-0.02344, 0.01967, 0.02600), (-0.02507, 0.01755, 0.02600), (-0.02650, 0.01530, 0.02600), (-0.02773, 0.01293, 0.02600), (-0.02875, 0.01047, 0.02600), (-0.02956, 0.00792, 0.02600), (-0.03014, 0.00531, 0.02600), (-0.03048, 0.00267, 0.02600), (-0.03060, 0.00000, 0.02600), (-0.03048, -0.00267, 0.02600), (-0.03014, -0.00531, 0.02600), (-0.02956, -0.00792, 0.02600), (-0.02875, -0.01047, 0.02600), (-0.02773, -0.01293, 0.02600), (-0.02650, -0.01530, 0.02600), (-0.02507, -0.01755, 0.02600), (-0.02344, -0.01967, 0.02600), (-0.02164, -0.02164, 0.02600), (-0.01967, -0.02344, 0.02600), (-0.01755, -0.02507, 0.02600), (-0.01530, -0.02650, 0.02600), (-0.01293, -0.02773, 0.02600), (-0.01047, -0.02875, 0.02600), (-0.00792, -0.02956, 0.02600), (-0.00531, -0.03014, 0.02600), (-0.00267, -0.03048, 0.02600), (-0.00000, -0.03060, 0.02600), (0.00267, -0.03048, 0.02600), (0.00531, -0.03014, 0.02600), (0.00792, -0.02956, 0.02600), (0.01047, -0.02875, 0.02600), (0.01293, -0.02773, 0.02600), (0.01530, -0.02650, 0.02600), (0.01755, -0.02507, 0.02600), (0.01967, -0.02344, 0.02600), (0.02164, -0.02164, 0.02600), (0.02344, -0.01967, 0.02600), (0.02507, -0.01755, 0.02600), (0.02650, -0.01530, 0.02600), (0.02773, -0.01293, 0.02600), (0.02875, -0.01047, 0.02600), (0.02956, -0.00792, 0.02600), (0.03014, -0.00531, 0.02600), (0.03048, -0.00267, 0.02600), (0.01870, 0.00000, 0.02640), (0.01863, 0.00163, 0.02640), (0.01842, 0.00325, 0.02640), (0.01806, 0.00484, 0.02640), (0.01757, 0.00640, 0.02640), (0.01695, 0.00790, 0.02640), (0.01619, 0.00935, 0.02640), (0.01532, 0.01073, 0.02640), (0.01433, 0.01202, 0.02640), (0.01322, 0.01322, 0.02640), (0.01202, 0.01433, 0.02640), (0.01073, 0.01532, 0.02640), (0.00935, 0.01619, 0.02640), (0.00790, 0.01695, 0.02640), (0.00640, 0.01757, 0.02640), (0.00484, 0.01806, 0.02640), (0.00325, 0.01842, 0.02640), (0.00163, 0.01863, 0.02640), (0.00000, 0.01870, 0.02640), (-0.00163, 0.01863, 0.02640), (-0.00325, 0.01842, 0.02640), (-0.00484, 0.01806, 0.02640), (-0.00640, 0.01757, 0.02640), (-0.00790, 0.01695, 0.02640), (-0.00935, 0.01619, 0.02640), (-0.01073, 0.01532, 0.02640), (-0.01202, 0.01433, 0.02640), (-0.01322, 0.01322, 0.02640), (-0.01433, 0.01202, 0.02640), (-0.01532, 0.01073, 0.02640), (-0.01619, 0.00935, 0.02640), (-0.01695, 0.00790, 0.02640), (-0.01757, 0.00640, 0.02640), (-0.01806, 0.00484, 0.02640), (-0.01842, 0.00325, 0.02640), (-0.01863, 0.00163, 0.02640), (-0.01870, 0.00000, 0.02640), (-0.01863, -0.00163, 0.02640), (-0.01842, -0.00325, 0.02640), (-0.01806, -0.00484, 0.02640), (-0.01757, -0.00640, 0.02640), (-0.01695, -0.00790, 0.02640), (-0.01619, -0.00935, 0.02640), (-0.01532, -0.01073, 0.02640), (-0.01433, -0.01202, 0.02640), (-0.01322, -0.01322, 0.02640), (-0.01202, -0.01433, 0.02640), (-0.01073, -0.01532, 0.02640), (-0.00935, -0.01619, 0.02640), (-0.00790, -0.01695, 0.02640), (-0.00640, -0.01757, 0.02640), (-0.00484, -0.01806, 0.02640), (-0.00325, -0.01842, 0.02640), (-0.00163, -0.01863, 0.02640), (-0.00000, -0.01870, 0.02640), (0.00163, -0.01863, 0.02640), (0.00325, -0.01842, 0.02640), (0.00484, -0.01806, 0.02640), (0.00640, -0.01757, 0.02640), (0.00790, -0.01695, 0.02640), (0.00935, -0.01619, 0.02640), (0.01073, -0.01532, 0.02640), (0.01202, -0.01433, 0.02640), (0.01322, -0.01322, 0.02640), (0.01433, -0.01202, 0.02640), (0.01532, -0.01073, 0.02640), (0.01619, -0.00935, 0.02640), (0.01695, -0.00790, 0.02640), (0.01757, -0.00640, 0.02640), (0.01806, -0.00484, 0.02640), (0.01842, -0.00325, 0.02640), (0.01863, -0.00163, 0.02640), (0.01020, 0.00000, 0.02600), (0.01016, 0.00089, 0.02600), (0.01005, 0.00177, 0.02600), (0.00985, 0.00264, 0.02600), (0.00958, 0.00349, 0.02600), (0.00924, 0.00431, 0.02600), (0.00883, 0.00510, 0.02600), (0.00836, 0.00585, 0.02600), (0.00781, 0.00656, 0.02600), (0.00721, 0.00721, 0.02600), (0.00656, 0.00781, 0.02600), (0.00585, 0.00836, 0.02600), (0.00510, 0.00883, 0.02600), (0.00431, 0.00924, 0.02600), (0.00349, 0.00958, 0.02600), (0.00264, 0.00985, 0.02600), (0.00177, 0.01005, 0.02600), (0.00089, 0.01016, 0.02600), (0.00000, 0.01020, 0.02600), (-0.00089, 0.01016, 0.02600), (-0.00177, 0.01005, 0.02600), (-0.00264, 0.00985, 0.02600), (-0.00349, 0.00958, 0.02600), (-0.00431, 0.00924, 0.02600), (-0.00510, 0.00883, 0.02600), (-0.00585, 0.00836, 0.02600), (-0.00656, 0.00781, 0.02600), (-0.00721, 0.00721, 0.02600), (-0.00781, 0.00656, 0.02600), (-0.00836, 0.00585, 0.02600), (-0.00883, 0.00510, 0.02600), (-0.00924, 0.00431, 0.02600), (-0.00958, 0.00349, 0.02600), (-0.00985, 0.00264, 0.02600), (-0.01005, 0.00177, 0.02600), (-0.01016, 0.00089, 0.02600), (-0.01020, 0.00000, 0.02600), (-0.01016, -0.00089, 0.02600), (-0.01005, -0.00177, 0.02600), (-0.00985, -0.00264, 0.02600), (-0.00958, -0.00349, 0.02600), (-0.00924, -0.00431, 0.02600), (-0.00883, -0.00510, 0.02600), (-0.00836, -0.00585, 0.02600), (-0.00781, -0.00656, 0.02600), (-0.00721, -0.00721, 0.02600), (-0.00656, -0.00781, 0.02600), (-0.00585, -0.00836, 0.02600), (-0.00510, -0.00883, 0.02600), (-0.00431, -0.00924, 0.02600), (-0.00349, -0.00958, 0.02600), (-0.00264, -0.00985, 0.02600), (-0.00177, -0.01005, 0.02600), (-0.00089, -0.01016, 0.02600), (-0.00000, -0.01020, 0.02600), (0.00089, -0.01016, 0.02600), (0.00177, -0.01005, 0.02600), (0.00264, -0.00985, 0.02600), (0.00349, -0.00958, 0.02600), (0.00431, -0.00924, 0.02600), (0.00510, -0.00883, 0.02600), (0.00585, -0.00836, 0.02600), (0.00656, -0.00781, 0.02600), (0.00721, -0.00721, 0.02600), (0.00781, -0.00656, 0.02600), (0.00836, -0.00585, 0.02600), (0.00883, -0.00510, 0.02600), (0.00924, -0.00431, 0.02600), (0.00958, -0.00349, 0.02600), (0.00985, -0.00264, 0.02600), (0.01005, -0.00177, 0.02600), (0.01016, -0.00089, 0.02600), (0.00000, 0.00000, 0.02640)]
        texCoord2f[] primvars:st = [(0.00000, 0.00000), (0.00000, 0.00000), (0.00000, 0.00000), (0.00000, 0.00000), (0.00000, 0.00000), (0.00000, 0.00000), (0.00000, 0.00000), (0.00000, 0.00000), (0.00000, 0.00000), (0.00000, 0.00000), (0.00000, 0.00000), (0.00000, 0.00000), (0.00000, 0.00000), (0.00000, 0.00000), (0.00000, 0.00000), (0.00000, 0.00000), (0.00000, 0.00000), (0.00000, 0.00000), (0.00000, 0.00000), (0.00000, 0.00000), (0.00000, 0.00000), (0.00000, 0.00000), (0.00000, 0.00000), (0.00000, 0.00000), (0.00000, 0.00000), (0.00000, 0.00000), (0.00000, 0.00000), (0.00000, 0.00000), (0.00000, 0.00000), (0.00000, 0.00000), (0.00000, 0.00000), (0.00000, 0.00000), (0.00000, 0.00000), (0.00000, 0.00000), (0.00000, 0.00000), (0.00000, 0.00000), (0.00000, 0.00000), (0.00000, 0.00000), (0.00000, 0.00000), (0.00000, 0.00000), (0.00000, 0.00000), (0.00000, 0.00000), (0.00000, 0.00000), (0.00000, 0.00000), (0.00000, 0.00000), (0.00000, 0.00000), (0.00000, 0.00000), (0.00000, 0.00000), (0.00000, 0.00000), (0.00000, 0.00000), (0.00000, 0.00000), (0.00000, 0.00000), (0.00000, 0.00000), (0.00000, 0.00000), (0.00000, 0.00000), (0.00000, 0.00000), (0.00000, 0.00000), (0.00000, 0.00000), (0.00000, 0.00000), (0.00000, 0.00000), (0.00000, 0.00000), (0.00000, 0.00000), (0.00000, 0.00000), (0.00000, 0.00000), (0.00000, 0.00000), (0.00000, 0.00000), (0.00000, 0.00000), (0.00000, 0.00000), (0.00000, 0.00000), (0.00000, 0.00000), (0.00000, 0.00000), (0.00000, 0.00000), (0.00000, 0.00000), (0.00000, 0.00000), (0.00000, 0.00000), (0.00000, 0.00000), (0.00000, 0.00000), (0.00000, 0.00000), (0.00000, 0.00000), (0.00000, 0.00000), (0.00000, 0.00000), (0.00000, 0.00000), (0.00000, 0.00000), (0.00000, 0.00000), (0.00000, 0.00000), (0.00000, 0.00000), (0.00000, 0.00000), (0.00000, 0.00000), (0.00000, 0.00000), (0.00000, 0.00000), (0.00000, 0.00000), (0.00000, 0.00000), (0.00000, 0.00000), (0.00000, 0.00000), (0.00000, 0.00000), (0.00000, 0.00000), (0.00000, 0.00000), (0.00000, 0.00000), (0.00000, 0.00000), (0.00000, 0.00000), (0.00000, 0.00000), (0.00000, 0.00000), (0.00000, 0.00000), (0.00000, 0.00000), (0.00000, 0.00000), (0.00000, 0.00000), (0.00000, 0.00000), (0.00000, 0.00000), (0.00000, 0.00000), (0.00000, 0.00000), (0.00000, 0.00000), (0.00000, 0.00000), (0.00000, 0.00000), (0.00000, 0.00000), (0.00000, 0.00000), (0.00000, 0.00000), (0.00000, 0.00000), (0.00000, 0.00000), (0.00000, 0.00000), (0.00000, 0.00000), (0.00000, 0.00000), (0.00000, 0.00000), (0.00000, 0.00000), (0.00000, 0.00000), (0.00000, 0.00000), (0.00000, 0.00000), (0.00000, 0.00000), (0.00000, 0.00000), (0.00000, 0.00000), (0.00000, 0.00000), (0.00000, 0.00000), (0.00000, 0.00000), (0.00000, 0.00000), (0.00000, 0.00000), (0.00000, 0.00000), (0.00000, 0.00000), (0.00000, 0.00000), (0.00000, 0.00000), (0.00000, 0.00000), (0.00000, 0.00000), (0.00000, 0.00000), (0.00000, 0.00000), (0.00000, 0.00000), (0.00000, 0.00000), (0.00000, 0.00000), (0.00000, 0.00000), (0.00000, 0.00000), (0.00000, 0.00000), (0.00000, 0.00000), (0.00000, 0.00000), (0.00000, 0.00000), (0.00000, 0.00000), (0.00000, 0.00000), (0.00000, 0.00000), (0.00000, 0.00000), (0.00000, 0.00000), (0.00000, 0.00000), (0.00000, 0.00000), (0.00000, 0.00000), (0.00000, 0.00000), (0.00000, 0.00000), (0.00000, 0.00000), (0.00000, 0.00000), (0.00000, 0.00000), (0.00000, 0.00000), (0.00000, 0.00000), (0.00000, 0.00000), (0.00000, 0.00000), (0.00000, 0.00000), (0.00000, 0.00000), (0.00000, 0.00000), (0.00000, 0.00000), (0.00000, 0.00000), (0.00000, 0.00000), (0.00000, 0.00000), (0.00000, 0.00000), (0.00000, 0.00000), (0.00000, 0.00000), (0.00000, 0.00000), (0.00000, 0.00000), (0.00000, 0.00000), (0.00000, 0.00000), (0.00000, 0.00000), (0.00000, 0.00000), (0.00000, 0.00000), (0.00000, 0.00000), (0.00000, 0.00000), (0.00000, 0.00000), (0.00000, 0.00000), (0.00000, 0.00000), (0.00000, 0.00000), (0.00000, 0.00000), (0.00000, 0.00000), (0.00000, 0.00000), (0.00000, 0.00000), (0.00000, 0.00000), (0.00000, 0.00000), (0.00000, 0.00000), (0.00000, 0.00000), (0.00000, 0.00000), (0.00000, 0.00000), (0.00000, 0.00000), (0.00000, 0.00000), (0.00000, 0.00000), (0.00000, 0.00000), (0.00000, 0.00000), (0.00000, 0.00000), (0.00000, 0.00000), (0.00000, 0.00000), (0.00000, 0.00000), (0.00000, 0.00000), (0.00000, 0.00000), (0.00000, 0.00000), (0.00000, 0.00000), (0.00000, 0.00000), (0.00000, 0.00000), (0.00000, 0.00000), (0.00000, 0.00000), (0.00000, 0.00000), (0.00000, 0.00000), (0.00000, 0.00000), (0.00000, 0.00000), (0.00000, 0.00000), (0.00000, 0.00000), (0.00000, 0.00000), (0.00000, 0.00000), (0.00000, 0.00000), (0.00000, 0.00000), (0.00000, 0.00000), (0.00000, 0.00000), (0.00000, 0.00000), (0.00000, 0.00000), (0.00000, 0.00000), (0.00000, 0.00000), (0.00000, 0.00000), (0.00000, 0.00000), (0.00000, 0.00000), (0.00000, 0.00000), (0.00000, 0.00000), (0.00000, 0.00000), (0.00000, 0.00000), (0.00000, 0.00000), (0.00000, 0.00000), (0.00000, 0.00000), (0.00000, 0.00000), (0.00000, 0.00000), (0.00000, 0.00000), (0.00000, 0.00000), (0.00000, 0.00000), (0.00000, 0.00000), (0.00000, 0.00000), (0.00000, 0.00000), (0.00000, 0.00000), (0.00000, 0.00000), (0.00000, 0.00000), (0.00000, 0.00000), (0.00000, 0.00000), (0.00000, 0.00000), (0.00000, 0.00000), (0.00000, 0.00000), (0.00000, 0.00000), (0.00000, 0.00000), (0.00000, 0.00000), (0.00000, 0.00000), (0.00000, 0.00000), (0.00000, 0.00000), (0.00000, 0.00000), (0.00000, 0.00000), (0.00000, 0.00000), (0.00000, 0.00000), (0.00000, 0.00000), (0.00000, 0.00000), (0.00000, 0.00000), (0.00000, 0.00000), (0.00000, 0.00000), (0.00000, 0.00000), (0.00000, 0.00000), (0.00000, 0.00000), (0.00000, 0.00000), (0.00000, 0.00000), (0.00000, 0.00000), (0.00000, 0.00000), (0.00000, 0.00000), (0.00000, 0.00000), (0.00000, 0.00000), (0.00000, 0.00000), (0.00000, 0.00000), (0.00000, 0.00000), (0.00000, 0.00000), (0.00000, 0.00000), (0.00000, 0.00000), (0.00000, 0.00000), (0.00000, 0.00000), (0.00000, 0.00000), (0.00000, 0.00000), (0.00000, 0.00000), (0.00000, 0.00000), (0.00000, 0.00000), (0.00000, 0.00000), (0.00000, 0.00000), (0.00000, 0.00000), (0.00000, 0.00000), (0.00000, 0.00000), (0.00000, 0.00000), (0.00000, 0.00000), (0.00000, 0.00000), (0.00000, 0.00000), (0.00000, 0.00000), (0.00000, 0.00000), (0.00000, 0.00000), (0.00000, 0.00000), (0.00000, 0.00000), (0.00000, 0.00000), (0.00000, 0.00000), (0.00000, 0.00000), (0.00000, 0.00000), (0.00000, 0.00000), (0.00000, 0.00000), (0.00000, 0.00000), (0.00000, 0.00000), (0.00000, 0.00000), (0.00000, 0.00000), (0.00000, 0.00000), (0.00000, 0.00000), (0.00000, 0.00000), (0.00000, 0.00000), (0.00000, 0.00000), (0.00000, 0.00000), (0.00000, 0.00000), (0.00000, 0.00000), (0.00000, 0.00000), (0.00000, 0.00000), (0.00000, 0.00000), (0.00000, 0.00000), (0.00000, 0.00000), (0.00000, 0.00000), (0.00000, 0.00000), (0.00000, 0.00000), (0.00000, 0.00000), (0.00000, 0.00000), (0.00000, 0.00000), (0.00000, 0.00000), (0.00000, 0.00000), (0.00000, 0.00000), (0.00000, 0.00000), (0.00000, 0.00000), (0.00000, 0.00000), (0.00000, 0.00000), (0.00000, 0.00000), (0.00000, 0.00000), (0.00000, 0.00000), (0.00000, 0.00000), (0.00000, 0.00000), (0.00000, 0.00000), (0.00000, 0.00000), (0.00000, 0.00000), (0.00000, 0.00000), (0.00000, 0.00000), (0.00000, 0.00000), (0.00000, 0.00000), (0.00000, 0.00000), (0.00000, 0.00000), (0.00000, 0.00000), (0.00000, 0.00000), (0.00000, 0.00000), (0.00000, 0.00000), (0.00000, 0.00000), (0.00000, 0.00000), (0.00000, 0.00000), (0.00000, 0.00000), (0.00000, 0.00000), (0.00000, 0.00000), (0.00000, 0.00000), (0.00000, 0.00000), (0.00000, 0.00000), (0.00000, 0.00000), (0.00000, 0.00000), (0.00000, 0.00000), (0.00000, 0.00000), (0.00000, 0.00000), (0.00000, 0.00000), (0.00000, 0.00000), (0.00000, 0.00000), (0.00000, 0.00000), (0.00000, 0.00000), (0.00000, 0.00000), (0.00000, 0.00000), (0.00000, 0.00000), (0.00000, 0.00000), (0.00000, 0.00000), (0.00000, 0.00000), (0.00000, 0.00000), (0.00000, 0.00000), (0.00000, 0.00000), (0.00000, 0.00000), (0.00000, 0.00000), (0.00000, 0.00000), (0.00000, 0.00000), (0.00000, 0.00000), (0.00000, 0.00000), (0.00000, 0.00000), (0.00000, 0.00000), (0.00000, 0.00000), (0.00000, 0.00000), (0.00000, 0.00000), (0.00000, 0.00000), (0.00000, 0.00000), (0.00000, 0.00000), (0.00000, 0.00000), (0.00000, 0.00000), (0.00000, 0.00000), (0.00000, 0.00000), (0.00000, 0.00000), (0.00000, 0.00000), (0.00000, 0.00000), (0.00000, 0.00000), (0.00000, 0.00000), (0.00000, 0.00000), (0.00000, 0.00000), (0.00000, 0.00000), (0.00000, 0.00000), (0.00000, 0.00000), (0.00000, 0.00000), (0.00000, 0.00000), (0.00000, 0.00000), (0.00000, 0.00000), (0.00000, 0.00000), (0.00000, 0.00000), (0.00000, 0.00000), (0.00000, 0.00000), (0.00000, 0.00000), (0.00000, 0.00000), (0.00000, 0.00000), (0.00000, 0.00000), (0.00000, 0.00000), (0.00000, 0.00000), (0.00000, 0.00000), (0.00000, 0.00000), (0.00000, 0.00000), (0.00000, 0.00000), (0.00000, 0.00000), (0.00000, 0.00000), (0.00000, 0.00000), (0.00000, 0.00000), (0.00000, 0.00000), (0.00000, 0.00000), (0.00000, 0.00000), (0.00000, 0.00000), (0.00000, 0.00000), (0.00000, 0.00000), (0.00000, 0.00000), (0.00000, 0.00000), (0.00000, 0.00000), (0.00000, 0.00000), (0.00000, 0.00000), (0.00000, 0.00000), (0.00000, 0.00000), (0.00000, 0.00000), (0.00000, 0.00000), (0.00000, 0.00000), (0.00000, 0.00000), (0.00000, 0.00000), (0.00000, 0.00000), (0.00000, 0.00000), (0.00000, 0.00000), (0.00000, 0.00000), (0.00000, 0.00000), (0.00000, 0.00000), (0.00000, 0.00000), (0.00000, 0.00000), (0.00000, 0.00000), (0.00000, 0.00000), (0.00000, 0.00000), (0.00000, 0.00000), (0.00000, 0.00000), (0.00000, 0.00000), (0.00000, 0.00000), (0.00000, 0.00000), (0.00000, 0.00000), (0.00000, 0.00000), (0.00000, 0.00000), (0.00000, 0.00000), (0.00000, 0.00000), (0.00000, 0.00000), (0.00000, 0.00000), (0.00000, 0.00000), (0.00000, 0.00000), (0.00000, 0.00000), (0.00000, 0.00000), (0.00000, 0.00000), (0.00000, 0.00000), (0.00000, 0.00000), (0.00000, 0.00000), (0.00000, 0.00000), (0.00000, 0.00000), (0.00000, 0.00000), (0.00000, 0.00000), (0.00000, 0.00000), (0.00000, 0.00000), (0.00000, 0.00000), (0.00000, 0.00000), (0.00000, 0.00000), (0.00000, 0.00000), (0.00000, 0.00000), (0.00000, 0.00000), (0.00000, 0.00000), (0.00000, 0.00000), (0.00000, 0.00000), (0.00000, 0.00000), (0.00000, 0.00000), (0.00000, 0.00000), (0.00000, 0.00000), (0.00000, 0.00000), (0.00000, 0.00000), (0.00000, 0.00000), (0.00000, 0.00000), (0.00000, 0.00000), (0.00000, 0.00000), (0.00000, 0.00000), (0.00000, 0.00000), (0.00000, 0.00000), (0.00000, 0.00000), (0.00000, 0.00000), (0.00000, 0.00000), (0.00000, 0.00000), (0.00000, 0.00000), (0.00000, 0.00000), (0.00000, 0.00000), (0.00000, 0.00000), (0.00000, 0.00000), (0.00000, 0.00000), (0.00000, 0.00000), (0.00000, 0.00000), (0.00000, 0.00000), (0.00000, 0.00000), (0.00000, 0.00000), (0.00000, 0.00000), (0.00000, 0.00000), (0.00000, 0.00000), (0.00000, 0.00000), (0.00000, 0.00000), (0.00000, 0.00000), (0.00000, 0.00000), (0.00000, 0.00000), (0.00000, 0.00000), (0.00000, 0.00000), (0.00000, 0.00000), (0.00000, 0.00000), (0.00000, 0.00000), (0.00000, 0.00000), (0.00000, 0.00000), (0.00000, 0.00000), (0.00000, 0.00000), (0.00000, 0.00000), (0.00000, 0.00000), (0.00000, 0.00000), (0.00000, 0.00000), (0.00000, 0.00000), (0.00000, 0.00000), (0.00000, 0.00000), (0.00000, 0.00000), (0.00000, 0.00000), (0.00000, 0.00000), (0.00000, 0.00000), (0.00000, 0.00000), (0.00000, 0.00000), (0.00000, 0.00000), (0.00000, 0.00000), (0.00000, 0.00000), (0.00000, 0.00000), (0.00000, 0.00000), (0.00000, 0.00000), (0.00000, 0.00000), (0.00000, 0.00000), (0.00000, 0.00000), (0.00000, 0.00000), (0.00000, 0.00000), (0.01389, 0.00000), (0.01389, 0.12500), (0.00000, 0.12500), (0.01389, 0.00000), (0.02778, 0.00000), (0.02778, 0.12500), (0.01389, 0.12500), (0.02778, 0.00000), (0.04167, 0.00000), (0.04167, 0.12500), (0.02778, 0.12500), (0.04167, 0.00000), (0.05556, 0.00000), (0.05556, 0.12500), (0.04167, 0.12500), (0.05556, 0.00000), (0.06944, 0.00000), (0.06944, 0.12500), (0.05556, 0.12500), (0.06944, 0.00000), (0.08333, 0.00000), (0.08333, 0.12500), (0.06944, 0.12500), (0.08333, 0.00000), (0.09722, 0.00000), (0.09722, 0.12500), (0.08333, 0.12500), (0.09722, 0.00000), (0.11111, 0.00000), (0.11111, 0.12500), (0.09722, 0.12500), (0.11111, 0.00000), (0.12500, 0.00000), (0.12500, 0.12500), (0.11111, 0.12500), (0.12500, 0.00000), (0.13889, 0.00000), (0.13889, 0.12500), (0.12500, 0.12500), (0.13889, 0.00000), (0.15278, 0.00000), (0.15278, 0.12500), (0.13889, 0.12500), (0.15278, 0.00000), (0.16667, 0.00000), (0.16667, 0.12500), (0.15278, 0.12500), (0.16667, 0.00000), (0.18056, 0.00000), (0.18056, 0.12500), (0.16667, 0.12500), (0.18056, 0.00000), (0.19444, 0.00000), (0.19444, 0.12500), (0.18056, 0.12500), (0.19444, 0.00000), (0.20833, 0.00000), (0.20833, 0.12500), (0.19444, 0.12500), (0.20833, 0.00000), (0.22222, 0.00000), (0.22222, 0.12500), (0.20833, 0.12500), (0.22222, 0.00000), (0.23611, 0.00000), (0.23611, 0.12500), (0.22222, 0.12500), (0.23611, 0.00000), (0.25000, 0.00000), (0.25000, 0.12500), (0.23611, 0.12500), (0.25000, 0.00000), (0.26389, 0.00000), (0.26389, 0.12500), (0.25000, 0.12500), (0.26389, 0.00000), (0.27778, 0.00000), (0.27778, 0.12500), (0.26389, 0.12500), (0.27778, 0.00000), (0.29167, 0.00000), (0.29167, 0.12500), (0.27778, 0.12500), (0.29167, 0.00000), (0.30556, 0.00000), (0.30556, 0.12500), (0.29167, 0.12500), (0.30556, 0.00000), (0.31944, 0.00000), (0.31944, 0.12500), (0.30556, 0.12500), (0.31944, 0.00000), (0.33333, 0.00000), (0.33333, 0.12500), (0.31944, 0.12500), (0.33333, 0.00000), (0.34722, 0.00000), (0.34722, 0.12500), (0.33333, 0.12500), (0.34722, 0.00000), (0.36111, 0.00000), (0.36111, 0.12500), (0.34722, 0.12500), (0.36111, 0.00000), (0.37500, 0.00000), (0.37500, 0.12500), (0.36111, 0.12500), (0.37500, 0.00000), (0.38889, 0.00000), (0.38889, 0.12500), (0.37500, 0.12500), (0.38889, 0.00000), (0.40278, 0.00000), (0.40278, 0.12500), (0.38889, 0.12500), (0.40278, 0.00000), (0.41667, 0.00000), (0.41667, 0.12500), (0.40278, 0.12500), (0.41667, 0.00000), (0.43056, 0.00000), (0.43056, 0.12500), (0.41667, 0.12500), (0.43056, 0.00000), (0.44444, 0.00000), (0.44444, 0.12500), (0.43056, 0.12500), (0.44444, 0.00000), (0.45833, 0.00000), (0.45833, 0.12500), (0.44444, 0.12500), (0.45833, 0.00000), (0.47222, 0.00000), (0.47222, 0.12500), (0.45833, 0.12500), (0.47222, 0.00000), (0.48611, 0.00000), (0.48611, 0.12500), (0.47222, 0.12500), (0.48611, 0.00000), (0.50000, 0.00000), (0.50000, 0.12500), (0.48611, 0.12500), (0.50000, 0.00000), (0.51389, 0.00000), (0.51389, 0.12500), (0.50000, 0.12500), (0.51389, 0.00000), (0.52778, 0.00000), (0.52778, 0.12500), (0.51389, 0.12500), (0.52778, 0.00000), (0.54167, 0.00000), (0.54167, 0.12500), (0.52778, 0.12500), (0.54167, 0.00000), (0.55556, 0.00000), (0.55556, 0.12500), (0.54167, 0.12500), (0.55556, 0.00000), (0.56944, 0.00000), (0.56944, 0.12500), (0.55556, 0.12500), (0.56944, 0.00000), (0.58333, 0.00000), (0.58333, 0.12500), (0.56944, 0.12500), (0.58333, 0.00000), (0.59722, 0.00000), (0.59722, 0.12500), (0.58333, 0.12500), (0.59722, 0.00000), (0.61111, 0.00000), (0.61111, 0.12500), (0.59722, 0.12500), (0.61111, 0.00000), (0.62500, 0.00000), (0.62500, 0.12500), (0.61111, 0.12500), (0.62500, 0.00000), (0.63889, 0.00000), (0.63889, 0.12500), (0.62500, 0.12500), (0.63889, 0.00000), (0.65278, 0.00000), (0.65278, 0.12500), (0.63889, 0.12500), (0.65278, 0.00000), (0.66667, 0.00000), (0.66667, 0.12500), (0.65278, 0.12500), (0.66667, 0.00000), (0.68056, 0.00000), (0.68056, 0.12500), (0.66667, 0.12500), (0.68056, 0.00000), (0.69444, 0.00000), (0.69444, 0.12500), (0.68056, 0.12500), (0.69444, 0.00000), (0.70833, 0.00000), (0.70833, 0.12500), (0.69444, 0.12500), (0.70833, 0.00000), (0.72222, 0.00000), (0.72222, 0.12500), (0.70833, 0.12500), (0.72222, 0.00000), (0.73611, 0.00000), (0.73611, 0.12500), (0.72222, 0.12500), (0.73611, 0.00000), (0.75000, 0.00000), (0.75000, 0.12500), (0.73611, 0.12500), (0.75000, 0.00000), (0.76389, 0.00000), (0.76389, 0.12500), (0.75000, 0.12500), (0.76389, 0.00000), (0.77778, 0.00000), (0.77778, 0.12500), (0.76389, 0.12500), (0.77778, 0.00000), (0.79167, 0.00000), (0.79167, 0.12500), (0.77778, 0.12500), (0.79167, 0.00000), (0.80556, 0.00000), (0.80556, 0.12500), (0.79167, 0.12500), (0.80556, 0.00000), (0.81944, 0.00000), (0.81944, 0.12500), (0.80556, 0.12500), (0.81944, 0.00000), (0.83333, 0.00000), (0.83333, 0.12500), (0.81944, 0.12500), (0.83333, 0.00000), (0.84722, 0.00000), (0.84722, 0.12500), (0.83333, 0.12500), (0.84722, 0.00000), (0.86111, 0.00000), (0.86111, 0.12500), (0.84722, 0.12500), (0.86111, 0.00000), (0.87500, 0.00000), (0.87500, 0.12500), (0.86111, 0.12500), (0.87500, 0.00000), (0.88889, 0.00000), (0.88889, 0.12500), (0.87500, 0.12500), (0.88889, 0.00000), (0.90278, 0.00000), (0.90278, 0.12500), (0.88889, 0.12500), (0.90278, 0.00000), (0.91667, 0.00000), (0.91667, 0.12500), (0.90278, 0.12500), (0.91667, 0.00000), (0.93056, 0.00000), (0.93056, 0.12500), (0.91667, 0.12500), (0.93056, 0.00000), (0.94444, 0.00000), (0.94444, 0.12500), (0.93056, 0.12500), (0.94444, 0.00000), (0.95833, 0.00000), (0.95833, 0.12500), (0.94444, 0.12500), (0.95833, 0.00000), (0.97222, 0.00000), (0.97222, 0.12500), (0.95833, 0.12500), (0.97222, 0.00000), (0.98611, 0.00000), (0.98611, 0.12500), (0.97222, 0.12500), (0.98611, 0.00000), (1.00000, 0.00000), (1.00000, 0.12500), (0.98611, 0.12500), (0.00000, 0.12500), (0.01389, 0.12500), (0.01389, 0.25000), (0.00000, 0.25000), (0.01389, 0.12500), (0.02778, 0.12500), (0.02778, 0.25000), (0.01389, 0.25000), (0.02778, 0.12500), (0.04167, 0.12500), (0.04167, 0.25000), (0.02778, 0.25000), (0.04167, 0.12500), (0.05556, 0.12500), (0.05556, 0.25000), (0.04167, 0.25000), (0.05556, 0.12500), (0.06944, 0.12500), (0.06944, 0.25000), (0.05556, 0.25000), (0.06944, 0.12500), (0.08333, 0.12500), (0.08333, 0.25000), (0.06944, 0.25000), (0.08333, 0.12500), (0.09722, 0.12500), (0.09722, 0.25000), (0.08333, 0.25000), (0.09722, 0.12500), (0.11111, 0.12500), (0.11111, 0.25000), (0.09722, 0.25000), (0.11111, 0.12500), (0.12500, 0.12500), (0.12500, 0.25000), (0.11111, 0.25000), (0.12500, 0.12500), (0.13889, 0.12500), (0.13889, 0.25000), (0.12500, 0.25000), (0.13889, 0.12500), (0.15278, 0.12500), (0.15278, 0.25000), (0.13889, 0.25000), (0.15278, 0.12500), (0.16667, 0.12500), (0.16667, 0.25000), (0.15278, 0.25000), (0.16667, 0.12500), (0.18056, 0.12500), (0.18056, 0.25000), (0.16667, 0.25000), (0.18056, 0.12500), (0.19444, 0.12500), (0.19444, 0.25000), (0.18056, 0.25000), (0.19444, 0.12500), (0.20833, 0.12500), (0.20833, 0.25000), (0.19444, 0.25000), (0.20833, 0.12500), (0.22222, 0.12500), (0.22222, 0.25000), (0.20833, 0.25000), (0.22222, 0.12500), (0.23611, 0.12500), (0.23611, 0.25000), (0.22222, 0.25000), (0.23611, 0.12500), (0.25000, 0.12500), (0.25000, 0.25000), (0.23611, 0.25000), (0.25000, 0.12500), (0.26389, 0.12500), (0.26389, 0.25000), (0.25000, 0.25000), (0.26389, 0.12500), (0.27778, 0.12500), (0.27778, 0.25000), (0.26389, 0.25000), (0.27778, 0.12500), (0.29167, 0.12500), (0.29167, 0.25000), (0.27778, 0.25000), (0.29167, 0.12500), (0.30556, 0.12500), (0.30556, 0.25000), (0.29167, 0.25000), (0.30556, 0.12500), (0.31944, 0.12500), (0.31944, 0.25000), (0.30556, 0.25000), (0.31944, 0.12500), (0.33333, 0.12500), (0.33333, 0.25000), (0.31944, 0.25000), (0.33333, 0.12500), (0.34722, 0.12500), (0.34722, 0.25000), (0.33333, 0.25000), (0.34722, 0.12500), (0.36111, 0.12500), (0.36111, 0.25000), (0.34722, 0.25000), (0.36111, 0.12500), (0.37500, 0.12500), (0.37500, 0.25000), (0.36111, 0.25000), (0.37500, 0.12500), (0.38889, 0.12500), (0.38889, 0.25000), (0.37500, 0.25000), (0.38889, 0.12500), (0.40278, 0.12500), (0.40278, 0.25000), (0.38889, 0.25000), (0.40278, 0.12500), (0.41667, 0.12500), (0.41667, 0.25000), (0.40278, 0.25000), (0.41667, 0.12500), (0.43056, 0.12500), (0.43056, 0.25000), (0.41667, 0.25000), (0.43056, 0.12500), (0.44444, 0.12500), (0.44444, 0.25000), (0.43056, 0.25000), (0.44444, 0.12500), (0.45833, 0.12500), (0.45833, 0.25000), (0.44444, 0.25000), (0.45833, 0.12500), (0.47222, 0.12500), (0.47222, 0.25000), (0.45833, 0.25000), (0.47222, 0.12500), (0.48611, 0.12500), (0.48611, 0.25000), (0.47222, 0.25000), (0.48611, 0.12500), (0.50000, 0.12500), (0.50000, 0.25000), (0.48611, 0.25000), (0.50000, 0.12500), (0.51389, 0.12500), (0.51389, 0.25000), (0.50000, 0.25000), (0.51389, 0.12500), (0.52778, 0.12500), (0.52778, 0.25000), (0.51389, 0.25000), (0.52778, 0.12500), (0.54167, 0.12500), (0.54167, 0.25000), (0.52778, 0.25000), (0.54167, 0.12500), (0.55556, 0.12500), (0.55556, 0.25000), (0.54167, 0.25000), (0.55556, 0.12500), (0.56944, 0.12500), (0.56944, 0.25000), (0.55556, 0.25000), (0.56944, 0.12500), (0.58333, 0.12500), (0.58333, 0.25000), (0.56944, 0.25000), (0.58333, 0.12500), (0.59722, 0.12500), (0.59722, 0.25000), (0.58333, 0.25000), (0.59722, 0.12500), (0.61111, 0.12500), (0.61111, 0.25000), (0.59722, 0.25000), (0.61111, 0.12500), (0.62500, 0.12500), (0.62500, 0.25000), (0.61111, 0.25000), (0.62500, 0.12500), (0.63889, 0.12500), (0.63889, 0.25000), (0.62500, 0.25000), (0.63889, 0.12500), (0.65278, 0.12500), (0.65278, 0.25000), (0.63889, 0.25000), (0.65278, 0.12500), (0.66667, 0.12500), (0.66667, 0.25000), (0.65278, 0.25000), (0.66667, 0.12500), (0.68056, 0.12500), (0.68056, 0.25000), (0.66667, 0.25000), (0.68056, 0.12500), (0.69444, 0.12500), (0.69444, 0.25000), (0.68056, 0.25000), (0.69444, 0.12500), (0.70833, 0.12500), (0.70833, 0.25000), (0.69444, 0.25000), (0.70833, 0.12500), (0.72222, 0.12500), (0.72222, 0.25000), (0.70833, 0.25000), (0.72222, 0.12500), (0.73611, 0.12500), (0.73611, 0.25000), (0.72222, 0.25000), (0.73611, 0.12500), (0.75000, 0.12500), (0.75000, 0.25000), (0.73611, 0.25000), (0.75000, 0.12500), (0.76389, 0.12500), (0.76389, 0.25000), (0.75000, 0.25000), (0.76389, 0.12500), (0.77778, 0.12500), (0.77778, 0.25000), (0.76389, 0.25000), (0.77778, 0.12500), (0.79167, 0.12500), (0.79167, 0.25000), (0.77778, 0.25000), (0.79167, 0.12500), (0.80556, 0.12500), (0.80556, 0.25000), (0.79167, 0.25000), (0.80556, 0.12500), (0.81944, 0.12500), (0.81944, 0.25000), (0.80556, 0.25000), (0.81944, 0.12500), (0.83333, 0.12500), (0.83333, 0.25000), (0.81944, 0.25000), (0.83333, 0.12500), (0.84722, 0.12500), (0.84722, 0.25000), (0.83333, 0.25000), (0.84722, 0.12500), (0.86111, 0.12500), (0.86111, 0.25000), (0.84722, 0.25000), (0.86111, 0.12500), (0.87500, 0.12500), (0.87500, 0.25000), (0.86111, 0.25000), (0.87500, 0.12500), (0.88889, 0.12500), (0.88889, 0.25000), (0.87500, 0.25000), (0.88889, 0.12500), (0.90278, 0.12500), (0.90278, 0.25000), (0.88889, 0.25000), (0.90278, 0.12500), (0.91667, 0.12500), (0.91667, 0.25000), (0.90278, 0.25000), (0.91667, 0.12500), (0.93056, 0.12500), (0.93056, 0.25000), (0.91667, 0.25000), (0.93056, 0.12500), (0.94444, 0.12500), (0.94444, 0.25000), (0.93056, 0.25000), (0.94444, 0.12500), (0.95833, 0.12500), (0.95833, 0.25000), (0.94444, 0.25000), (0.95833, 0.12500), (0.97222, 0.12500), (0.97222, 0.25000), (0.95833, 0.25000), (0.97222, 0.12500), (0.98611, 0.12500), (0.98611, 0.25000), (0.97222, 0.25000), (0.98611, 0.12500), (1.00000, 0.12500), (1.00000, 0.25000), (0.98611, 0.25000), (0.00000, 0.25000), (0.01389, 0.25000), (0.01389, 0.37500), (0.00000, 0.37500), (0.01389, 0.25000), (0.02778, 0.25000), (0.02778, 0.37500), (0.01389, 0.37500), (0.02778, 0.25000), (0.04167, 0.25000), (0.04167, 0.37500), (0.02778, 0.37500), (0.04167, 0.25000), (0.05556, 0.25000), (0.05556, 0.37500), (0.04167, 0.37500), (0.05556, 0.25000), (0.06944, 0.25000), (0.06944, 0.37500), (0.05556, 0.37500), (0.06944, 0.25000), (0.08333, 0.25000), (0.08333, 0.37500), (0.06944, 0.37500), (0.08333, 0.25000), (0.09722, 0.25000), (0.09722, 0.37500), (0.08333, 0.37500), (0.09722, 0.25000), (0.11111, 0.25000), (0.11111, 0.37500), (0.09722, 0.37500), (0.11111, 0.25000), (0.12500, 0.25000), (0.12500, 0.37500), (0.11111, 0.37500), (0.12500, 0.25000), (0.13889, 0.25000), (0.13889, 0.37500), (0.12500, 0.37500), (0.13889, 0.25000), (0.15278, 0.25000), (0.15278, 0.37500), (0.13889, 0.37500), (0.15278, 0.25000), (0.16667, 0.25000), (0.16667, 0.37500), (0.15278, 0.37500), (0.16667, 0.25000), (0.18056, 0.25000), (0.18056, 0.37500), (0.16667, 0.37500), (0.18056, 0.25000), (0.19444, 0.25000), (0.19444, 0.37500), (0.18056, 0.37500), (0.19444, 0.25000), (0.20833, 0.25000), (0.20833, 0.37500), (0.19444, 0.37500), (0.20833, 0.25000), (0.22222, 0.25000), (0.22222, 0.37500), (0.20833, 0.37500), (0.22222, 0.25000), (0.23611, 0.25000), (0.23611, 0.37500), (0.22222, 0.37500), (0.23611, 0.25000), (0.25000, 0.25000), (0.25000, 0.37500), (0.23611, 0.37500), (0.25000, 0.25000), (0.26389, 0.25000), (0.26389, 0.37500), (0.25000, 0.37500), (0.26389, 0.25000), (0.27778, 0.25000), (0.27778, 0.37500), (0.26389, 0.37500), (0.27778, 0.25000), (0.29167, 0.25000), (0.29167, 0.37500), (0.27778, 0.37500), (0.29167, 0.25000), (0.30556, 0.25000), (0.30556, 0.37500), (0.29167, 0.37500), (0.30556, 0.25000), (0.31944, 0.25000), (0.31944, 0.37500), (0.30556, 0.37500), (0.31944, 0.25000), (0.33333, 0.25000), (0.33333, 0.37500), (0.31944, 0.37500), (0.33333, 0.25000), (0.34722, 0.25000), (0.34722, 0.37500), (0.33333, 0.37500), (0.34722, 0.25000), (0.36111, 0.25000), (0.36111, 0.37500), (0.34722, 0.37500), (0.36111, 0.25000), (0.37500, 0.25000), (0.37500, 0.37500), (0.36111, 0.37500), (0.37500, 0.25000), (0.38889, 0.25000), (0.38889, 0.37500), (0.37500, 0.37500), (0.38889, 0.25000), (0.40278, 0.25000), (0.40278, 0.37500), (0.38889, 0.37500), (0.40278, 0.25000), (0.41667, 0.25000), (0.41667, 0.37500), (0.40278, 0.37500), (0.41667, 0.25000), (0.43056, 0.25000), (0.43056, 0.37500), (0.41667, 0.37500), (0.43056, 0.25000), (0.44444, 0.25000), (0.44444, 0.37500), (0.43056, 0.37500), (0.44444, 0.25000), (0.45833, 0.25000), (0.45833, 0.37500), (0.44444, 0.37500), (0.45833, 0.25000), (0.47222, 0.25000), (0.47222, 0.37500), (0.45833, 0.37500), (0.47222, 0.25000), (0.48611, 0.25000), (0.48611, 0.37500), (0.47222, 0.37500), (0.48611, 0.25000), (0.50000, 0.25000), (0.50000, 0.37500), (0.48611, 0.37500), (0.50000, 0.25000), (0.51389, 0.25000), (0.51389, 0.37500), (0.50000, 0.37500), (0.51389, 0.25000), (0.52778, 0.25000), (0.52778, 0.37500), (0.51389, 0.37500), (0.52778, 0.25000), (0.54167, 0.25000), (0.54167, 0.37500), (0.52778, 0.37500), (0.54167, 0.25000), (0.55556, 0.25000), (0.55556, 0.37500), (0.54167, 0.37500), (0.55556, 0.25000), (0.56944, 0.25000), (0.56944, 0.37500), (0.55556, 0.37500), (0.56944, 0.25000), (0.58333, 0.25000), (0.58333, 0.37500), (0.56944, 0.37500), (0.58333, 0.25000), (0.59722, 0.25000), (0.59722, 0.37500), (0.58333, 0.37500), (0.59722, 0.25000), (0.61111, 0.25000), (0.61111, 0.37500), (0.59722, 0.37500), (0.61111, 0.25000), (0.62500, 0.25000), (0.62500, 0.37500), (0.61111, 0.37500), (0.62500, 0.25000), (0.63889, 0.25000), (0.63889, 0.37500), (0.62500, 0.37500), (0.63889, 0.25000), (0.65278, 0.25000), (0.65278, 0.37500), (0.63889, 0.37500), (0.65278, 0.25000), (0.66667, 0.25000), (0.66667, 0.37500), (0.65278, 0.37500), (0.66667, 0.25000), (0.68056, 0.25000), (0.68056, 0.37500), (0.66667, 0.37500), (0.68056, 0.25000), (0.69444, 0.25000), (0.69444, 0.37500), (0.68056, 0.37500), (0.69444, 0.25000), (0.70833, 0.25000), (0.70833, 0.37500), (0.69444, 0.37500), (0.70833, 0.25000), (0.72222, 0.25000), (0.72222, 0.37500), (0.70833, 0.37500), (0.72222, 0.25000), (0.73611, 0.25000), (0.73611, 0.37500), (0.72222, 0.37500), (0.73611, 0.25000), (0.75000, 0.25000), (0.75000, 0.37500), (0.73611, 0.37500), (0.75000, 0.25000), (0.76389, 0.25000), (0.76389, 0.37500), (0.75000, 0.37500), (0.76389, 0.25000), (0.77778, 0.25000), (0.77778, 0.37500), (0.76389, 0.37500), (0.77778, 0.25000), (0.79167, 0.25000), (0.79167, 0.37500), (0.77778, 0.37500), (0.79167, 0.25000), (0.80556, 0.25000), (0.80556, 0.37500), (0.79167, 0.37500), (0.80556, 0.25000), (0.81944, 0.25000), (0.81944, 0.37500), (0.80556, 0.37500), (0.81944, 0.25000), (0.83333, 0.25000), (0.83333, 0.37500), (0.81944, 0.37500), (0.83333, 0.25000), (0.84722, 0.25000), (0.84722, 0.37500), (0.83333, 0.37500), (0.84722, 0.25000), (0.86111, 0.25000), (0.86111, 0.37500), (0.84722, 0.37500), (0.86111, 0.25000), (0.87500, 0.25000), (0.87500, 0.37500), (0.86111, 0.37500), (0.87500, 0.25000), (0.88889, 0.25000), (0.88889, 0.37500), (0.87500, 0.37500), (0.88889, 0.25000), (0.90278, 0.25000), (0.90278, 0.37500), (0.88889, 0.37500), (0.90278, 0.25000), (0.91667, 0.25000), (0.91667, 0.37500), (0.90278, 0.37500), (0.91667, 0.25000), (0.93056, 0.25000), (0.93056, 0.37500), (0.91667, 0.37500), (0.93056, 0.25000), (0.94444, 0.25000), (0.94444, 0.37500), (0.93056, 0.37500), (0.94444, 0.25000), (0.95833, 0.25000), (0.95833, 0.37500), (0.94444, 0.37500), (0.95833, 0.25000), (0.97222, 0.25000), (0.97222, 0.37500), (0.95833, 0.37500), (0.97222, 0.25000), (0.98611, 0.25000), (0.98611, 0.37500), (0.97222, 0.37500), (0.98611, 0.25000), (1.00000, 0.25000), (1.00000, 0.37500), (0.98611, 0.37500), (0.00000, 0.37500), (0.01389, 0.37500), (0.01389, 0.50000), (0.00000, 0.50000), (0.01389, 0.37500), (0.02778, 0.37500), (0.02778, 0.50000), (0.01389, 0.50000), (0.02778, 0.37500), (0.04167, 0.37500), (0.04167, 0.50000), (0.02778, 0.50000), (0.04167, 0.37500), (0.05556, 0.37500), (0.05556, 0.50000), (0.04167, 0.50000), (0.05556, 0.37500), (0.06944, 0.37500), (0.06944, 0.50000), (0.05556, 0.50000), (0.06944, 0.37500), (0.08333, 0.37500), (0.08333, 0.50000), (0.06944, 0.50000), (0.08333, 0.37500), (0.09722, 0.37500), (0.09722, 0.50000), (0.08333, 0.50000), (0.09722, 0.37500), (0.11111, 0.37500), (0.11111, 0.50000), (0.09722, 0.50000), (0.11111, 0.37500), (0.12500, 0.37500), (0.12500, 0.50000), (0.11111, 0.50000), (0.12500, 0.37500), (0.13889, 0.37500), (0.13889, 0.50000), (0.12500, 0.50000), (0.13889, 0.37500), (0.15278, 0.37500), (0.15278, 0.50000), (0.13889, 0.50000), (0.15278, 0.37500), (0.16667, 0.37500), (0.16667, 0.50000), (0.15278, 0.50000), (0.16667, 0.37500), (0.18056, 0.37500), (0.18056, 0.50000), (0.16667, 0.50000), (0.18056, 0.37500), (0.19444, 0.37500), (0.19444, 0.50000), (0.18056, 0.50000), (0.19444, 0.37500), (0.20833, 0.37500), (0.20833, 0.50000), (0.19444, 0.50000), (0.20833, 0.37500), (0.22222, 0.37500), (0.22222, 0.50000), (0.20833, 0.50000), (0.22222, 0.37500), (0.23611, 0.37500), (0.23611, 0.50000), (0.22222, 0.50000), (0.23611, 0.37500), (0.25000, 0.37500), (0.25000, 0.50000), (0.23611, 0.50000), (0.25000, 0.37500), (0.26389, 0.37500), (0.26389, 0.50000), (0.25000, 0.50000), (0.26389, 0.37500), (0.27778, 0.37500), (0.27778, 0.50000), (0.26389, 0.50000), (0.27778, 0.37500), (0.29167, 0.37500), (0.29167, 0.50000), (0.27778, 0.50000), (0.29167, 0.37500), (0.30556, 0.37500), (0.30556, 0.50000), (0.29167, 0.50000), (0.30556, 0.37500), (0.31944, 0.37500), (0.31944, 0.50000), (0.30556, 0.50000), (0.31944, 0.37500), (0.33333, 0.37500), (0.33333, 0.50000), (0.31944, 0.50000), (0.33333, 0.37500), (0.34722, 0.37500), (0.34722, 0.50000), (0.33333, 0.50000), (0.34722, 0.37500), (0.36111, 0.37500), (0.36111, 0.50000), (0.34722, 0.50000), (0.36111, 0.37500), (0.37500, 0.37500), (0.37500, 0.50000), (0.36111, 0.50000), (0.37500, 0.37500), (0.38889, 0.37500), (0.38889, 0.50000), (0.37500, 0.50000), (0.38889, 0.37500), (0.40278, 0.37500), (0.40278, 0.50000), (0.38889, 0.50000), (0.40278, 0.37500), (0.41667, 0.37500), (0.41667, 0.50000), (0.40278, 0.50000), (0.41667, 0.37500), (0.43056, 0.37500), (0.43056, 0.50000), (0.41667, 0.50000), (0.43056, 0.37500), (0.44444, 0.37500), (0.44444, 0.50000), (0.43056, 0.50000), (0.44444, 0.37500), (0.45833, 0.37500), (0.45833, 0.50000), (0.44444, 0.50000), (0.45833, 0.37500), (0.47222, 0.37500), (0.47222, 0.50000), (0.45833, 0.50000), (0.47222, 0.37500), (0.48611, 0.37500), (0.48611, 0.50000), (0.47222, 0.50000), (0.48611, 0.37500), (0.50000, 0.37500), (0.50000, 0.50000), (0.48611, 0.50000), (0.50000, 0.37500), (0.51389, 0.37500), (0.51389, 0.50000), (0.50000, 0.50000), (0.51389, 0.37500), (0.52778, 0.37500), (0.52778, 0.50000), (0.51389, 0.50000), (0.52778, 0.37500), (0.54167, 0.37500), (0.54167, 0.50000), (0.52778, 0.50000), (0.54167, 0.37500), (0.55556, 0.37500), (0.55556, 0.50000), (0.54167, 0.50000), (0.55556, 0.37500), (0.56944, 0.37500), (0.56944, 0.50000), (0.55556, 0.50000), (0.56944, 0.37500), (0.58333, 0.37500), (0.58333, 0.50000), (0.56944, 0.50000), (0.58333, 0.37500), (0.59722, 0.37500), (0.59722, 0.50000), (0.58333, 0.50000), (0.59722, 0.37500), (0.61111, 0.37500), (0.61111, 0.50000), (0.59722, 0.50000), (0.61111, 0.37500), (0.62500, 0.37500), (0.62500, 0.50000), (0.61111, 0.50000), (0.62500, 0.37500), (0.63889, 0.37500), (0.63889, 0.50000), (0.62500, 0.50000), (0.63889, 0.37500), (0.65278, 0.37500), (0.65278, 0.50000), (0.63889, 0.50000), (0.65278, 0.37500), (0.66667, 0.37500), (0.66667, 0.50000), (0.65278, 0.50000), (0.66667, 0.37500), (0.68056, 0.37500), (0.68056, 0.50000), (0.66667, 0.50000), (0.68056, 0.37500), (0.69444, 0.37500), (0.69444, 0.50000), (0.68056, 0.50000), (0.69444, 0.37500), (0.70833, 0.37500), (0.70833, 0.50000), (0.69444, 0.50000), (0.70833, 0.37500), (0.72222, 0.37500), (0.72222, 0.50000), (0.70833, 0.50000), (0.72222, 0.37500), (0.73611, 0.37500), (0.73611, 0.50000), (0.72222, 0.50000), (0.73611, 0.37500), (0.75000, 0.37500), (0.75000, 0.50000), (0.73611, 0.50000), (0.75000, 0.37500), (0.76389, 0.37500), (0.76389, 0.50000), (0.75000, 0.50000), (0.76389, 0.37500), (0.77778, 0.37500), (0.77778, 0.50000), (0.76389, 0.50000), (0.77778, 0.37500), (0.79167, 0.37500), (0.79167, 0.50000), (0.77778, 0.50000), (0.79167, 0.37500), (0.80556, 0.37500), (0.80556, 0.50000), (0.79167, 0.50000), (0.80556, 0.37500), (0.81944, 0.37500), (0.81944, 0.50000), (0.80556, 0.50000), (0.81944, 0.37500), (0.83333, 0.37500), (0.83333, 0.50000), (0.81944, 0.50000), (0.83333, 0.37500), (0.84722, 0.37500), (0.84722, 0.50000), (0.83333, 0.50000), (0.84722, 0.37500), (0.86111, 0.37500), (0.86111, 0.50000), (0.84722, 0.50000), (0.86111, 0.37500), (0.87500, 0.37500), (0.87500, 0.50000), (0.86111, 0.50000), (0.87500, 0.37500), (0.88889, 0.37500), (0.88889, 0.50000), (0.87500, 0.50000), (0.88889, 0.37500), (0.90278, 0.37500), (0.90278, 0.50000), (0.88889, 0.50000), (0.90278, 0.37500), (0.91667, 0.37500), (0.91667, 0.50000), (0.90278, 0.50000), (0.91667, 0.37500), (0.93056, 0.37500), (0.93056, 0.50000), (0.91667, 0.50000), (0.93056, 0.37500), (0.94444, 0.37500), (0.94444, 0.50000), (0.93056, 0.50000), (0.94444, 0.37500), (0.95833, 0.37500), (0.95833, 0.50000), (0.94444, 0.50000), (0.95833, 0.37500), (0.97222, 0.37500), (0.97222, 0.50000), (0.95833, 0.50000), (0.97222, 0.37500), (0.98611, 0.37500), (0.98611, 0.50000), (0.97222, 0.50000), (0.98611, 0.37500), (1.00000, 0.37500), (1.00000, 0.50000), (0.98611, 0.50000), (0.00000, 0.50000), (0.01389, 0.50000), (0.01389, 0.62500), (0.00000, 0.62500), (0.01389, 0.50000), (0.02778, 0.50000), (0.02778, 0.62500), (0.01389, 0.62500), (0.02778, 0.50000), (0.04167, 0.50000), (0.04167, 0.62500), (0.02778, 0.62500), (0.04167, 0.50000), (0.05556, 0.50000), (0.05556, 0.62500), (0.04167, 0.62500), (0.05556, 0.50000), (0.06944, 0.50000), (0.06944, 0.62500), (0.05556, 0.62500), (0.06944, 0.50000), (0.08333, 0.50000), (0.08333, 0.62500), (0.06944, 0.62500), (0.08333, 0.50000), (0.09722, 0.50000), (0.09722, 0.62500), (0.08333, 0.62500), (0.09722, 0.50000), (0.11111, 0.50000), (0.11111, 0.62500), (0.09722, 0.62500), (0.11111, 0.50000), (0.12500, 0.50000), (0.12500, 0.62500), (0.11111, 0.62500), (0.12500, 0.50000), (0.13889, 0.50000), (0.13889, 0.62500), (0.12500, 0.62500), (0.13889, 0.50000), (0.15278, 0.50000), (0.15278, 0.62500), (0.13889, 0.62500), (0.15278, 0.50000), (0.16667, 0.50000), (0.16667, 0.62500), (0.15278, 0.62500), (0.16667, 0.50000), (0.18056, 0.50000), (0.18056, 0.62500), (0.16667, 0.62500), (0.18056, 0.50000), (0.19444, 0.50000), (0.19444, 0.62500), (0.18056, 0.62500), (0.19444, 0.50000), (0.20833, 0.50000), (0.20833, 0.62500), (0.19444, 0.62500), (0.20833, 0.50000), (0.22222, 0.50000), (0.22222, 0.62500), (0.20833, 0.62500), (0.22222, 0.50000), (0.23611, 0.50000), (0.23611, 0.62500), (0.22222, 0.62500), (0.23611, 0.50000), (0.25000, 0.50000), (0.25000, 0.62500), (0.23611, 0.62500), (0.25000, 0.50000), (0.26389, 0.50000), (0.26389, 0.62500), (0.25000, 0.62500), (0.26389, 0.50000), (0.27778, 0.50000), (0.27778, 0.62500), (0.26389, 0.62500), (0.27778, 0.50000), (0.29167, 0.50000), (0.29167, 0.62500), (0.27778, 0.62500), (0.29167, 0.50000), (0.30556, 0.50000), (0.30556, 0.62500), (0.29167, 0.62500), (0.30556, 0.50000), (0.31944, 0.50000), (0.31944, 0.62500), (0.30556, 0.62500), (0.31944, 0.50000), (0.33333, 0.50000), (0.33333, 0.62500), (0.31944, 0.62500), (0.33333, 0.50000), (0.34722, 0.50000), (0.34722, 0.62500), (0.33333, 0.62500), (0.34722, 0.50000), (0.36111, 0.50000), (0.36111, 0.62500), (0.34722, 0.62500), (0.36111, 0.50000), (0.37500, 0.50000), (0.37500, 0.62500), (0.36111, 0.62500), (0.37500, 0.50000), (0.38889, 0.50000), (0.38889, 0.62500), (0.37500, 0.62500), (0.38889, 0.50000), (0.40278, 0.50000), (0.40278, 0.62500), (0.38889, 0.62500), (0.40278, 0.50000), (0.41667, 0.50000), (0.41667, 0.62500), (0.40278, 0.62500), (0.41667, 0.50000), (0.43056, 0.50000), (0.43056, 0.62500), (0.41667, 0.62500), (0.43056, 0.50000), (0.44444, 0.50000), (0.44444, 0.62500), (0.43056, 0.62500), (0.44444, 0.50000), (0.45833, 0.50000), (0.45833, 0.62500), (0.44444, 0.62500), (0.45833, 0.50000), (0.47222, 0.50000), (0.47222, 0.62500), (0.45833, 0.62500), (0.47222, 0.50000), (0.48611, 0.50000), (0.48611, 0.62500), (0.47222, 0.62500), (0.48611, 0.50000), (0.50000, 0.50000), (0.50000, 0.62500), (0.48611, 0.62500), (0.50000, 0.50000), (0.51389, 0.50000), (0.51389, 0.62500), (0.50000, 0.62500), (0.51389, 0.50000), (0.52778, 0.50000), (0.52778, 0.62500), (0.51389, 0.62500), (0.52778, 0.50000), (0.54167, 0.50000), (0.54167, 0.62500), (0.52778, 0.62500), (0.54167, 0.50000), (0.55556, 0.50000), (0.55556, 0.62500), (0.54167, 0.62500), (0.55556, 0.50000), (0.56944, 0.50000), (0.56944, 0.62500), (0.55556, 0.62500), (0.56944, 0.50000), (0.58333, 0.50000), (0.58333, 0.62500), (0.56944, 0.62500), (0.58333, 0.50000), (0.59722, 0.50000), (0.59722, 0.62500), (0.58333, 0.62500), (0.59722, 0.50000), (0.61111, 0.50000), (0.61111, 0.62500), (0.59722, 0.62500), (0.61111, 0.50000), (0.62500, 0.50000), (0.62500, 0.62500), (0.61111, 0.62500), (0.62500, 0.50000), (0.63889, 0.50000), (0.63889, 0.62500), (0.62500, 0.62500), (0.63889, 0.50000), (0.65278, 0.50000), (0.65278, 0.62500), (0.63889, 0.62500), (0.65278, 0.50000), (0.66667, 0.50000), (0.66667, 0.62500), (0.65278, 0.62500), (0.66667, 0.50000), (0.68056, 0.50000), (0.68056, 0.62500), (0.66667, 0.62500), (0.68056, 0.50000), (0.69444, 0.50000), (0.69444, 0.62500), (0.68056, 0.62500), (0.69444, 0.50000), (0.70833, 0.50000), (0.70833, 0.62500), (0.69444, 0.62500), (0.70833, 0.50000), (0.72222, 0.50000), (0.72222, 0.62500), (0.70833, 0.62500), (0.72222, 0.50000), (0.73611, 0.50000), (0.73611, 0.62500), (0.72222, 0.62500), (0.73611, 0.50000), (0.75000, 0.50000), (0.75000, 0.62500), (0.73611, 0.62500), (0.75000, 0.50000), (0.76389, 0.50000), (0.76389, 0.62500), (0.75000, 0.62500), (0.76389, 0.50000), (0.77778, 0.50000), (0.77778, 0.62500), (0.76389, 0.62500), (0.77778, 0.50000), (0.79167, 0.50000), (0.79167, 0.62500), (0.77778, 0.62500), (0.79167, 0.50000), (0.80556, 0.50000), (0.80556, 0.62500), (0.79167, 0.62500), (0.80556, 0.50000), (0.81944, 0.50000), (0.81944, 0.62500), (0.80556, 0.62500), (0.81944, 0.50000), (0.83333, 0.50000), (0.83333, 0.62500), (0.81944, 0.62500), (0.83333, 0.50000), (0.84722, 0.50000), (0.84722, 0.62500), (0.83333, 0.62500), (0.84722, 0.50000), (0.86111, 0.50000), (0.86111, 0.62500), (0.84722, 0.62500), (0.86111, 0.50000), (0.87500, 0.50000), (0.87500, 0.62500), (0.86111, 0.62500), (0.87500, 0.50000), (0.88889, 0.50000), (0.88889, 0.62500), (0.87500, 0.62500), (0.88889, 0.50000), (0.90278, 0.50000), (0.90278, 0.62500), (0.88889, 0.62500), (0.90278, 0.50000), (0.91667, 0.50000), (0.91667, 0.62500), (0.90278, 0.62500), (0.91667, 0.50000), (0.93056, 0.50000), (0.93056, 0.62500), (0.91667, 0.62500), (0.93056, 0.50000), (0.94444, 0.50000), (0.94444, 0.62500), (0.93056, 0.62500), (0.94444, 0.50000), (0.95833, 0.50000), (0.95833, 0.62500), (0.94444, 0.62500), (0.95833, 0.50000), (0.97222, 0.50000), (0.97222, 0.62500), (0.95833, 0.62500), (0.97222, 0.50000), (0.98611, 0.50000), (0.98611, 0.62500), (0.97222, 0.62500), (0.98611, 0.50000), (1.00000, 0.50000), (1.00000, 0.62500), (0.98611, 0.62500), (0.00000, 0.62500), (0.01389, 0.62500), (0.01389, 0.75000), (0.00000, 0.75000), (0.01389, 0.62500), (0.02778, 0.62500), (0.02778, 0.75000), (0.01389, 0.75000), (0.02778, 0.62500), (0.04167, 0.62500), (0.04167, 0.75000), (0.02778, 0.75000), (0.04167, 0.62500), (0.05556, 0.62500), (0.05556, 0.75000), (0.04167, 0.75000), (0.05556, 0.62500), (0.06944, 0.62500), (0.06944, 0.75000), (0.05556, 0.75000), (0.06944, 0.62500), (0.08333, 0.62500), (0.08333, 0.75000), (0.06944, 0.75000), (0.08333, 0.62500), (0.09722, 0.62500), (0.09722, 0.75000), (0.08333, 0.75000), (0.09722, 0.62500), (0.11111, 0.62500), (0.11111, 0.75000), (0.09722, 0.75000), (0.11111, 0.62500), (0.12500, 0.62500), (0.12500, 0.75000), (0.11111, 0.75000), (0.12500, 0.62500), (0.13889, 0.62500), (0.13889, 0.75000), (0.12500, 0.75000), (0.13889, 0.62500), (0.15278, 0.62500), (0.15278, 0.75000), (0.13889, 0.75000), (0.15278, 0.62500), (0.16667, 0.62500), (0.16667, 0.75000), (0.15278, 0.75000), (0.16667, 0.62500), (0.18056, 0.62500), (0.18056, 0.75000), (0.16667, 0.75000), (0.18056, 0.62500), (0.19444, 0.62500), (0.19444, 0.75000), (0.18056, 0.75000), (0.19444, 0.62500), (0.20833, 0.62500), (0.20833, 0.75000), (0.19444, 0.75000), (0.20833, 0.62500), (0.22222, 0.62500), (0.22222, 0.75000), (0.20833, 0.75000), (0.22222, 0.62500), (0.23611, 0.62500), (0.23611, 0.75000), (0.22222, 0.75000), (0.23611, 0.62500), (0.25000, 0.62500), (0.25000, 0.75000), (0.23611, 0.75000), (0.25000, 0.62500), (0.26389, 0.62500), (0.26389, 0.75000), (0.25000, 0.75000), (0.26389, 0.62500), (0.27778, 0.62500), (0.27778, 0.75000), (0.26389, 0.75000), (0.27778, 0.62500), (0.29167, 0.62500), (0.29167, 0.75000), (0.27778, 0.75000), (0.29167, 0.62500), (0.30556, 0.62500), (0.30556, 0.75000), (0.29167, 0.75000), (0.30556, 0.62500), (0.31944, 0.62500), (0.31944, 0.75000), (0.30556, 0.75000), (0.31944, 0.62500), (0.33333, 0.62500), (0.33333, 0.75000), (0.31944, 0.75000), (0.33333, 0.62500), (0.34722, 0.62500), (0.34722, 0.75000), (0.33333, 0.75000), (0.34722, 0.62500), (0.36111, 0.62500), (0.36111, 0.75000), (0.34722, 0.75000), (0.36111, 0.62500), (0.37500, 0.62500), (0.37500, 0.75000), (0.36111, 0.75000), (0.37500, 0.62500), (0.38889, 0.62500), (0.38889, 0.75000), (0.37500, 0.75000), (0.38889, 0.62500), (0.40278, 0.62500), (0.40278, 0.75000), (0.38889, 0.75000), (0.40278, 0.62500), (0.41667, 0.62500), (0.41667, 0.75000), (0.40278, 0.75000), (0.41667, 0.62500), (0.43056, 0.62500), (0.43056, 0.75000), (0.41667, 0.75000), (0.43056, 0.62500), (0.44444, 0.62500), (0.44444, 0.75000), (0.43056, 0.75000), (0.44444, 0.62500), (0.45833, 0.62500), (0.45833, 0.75000), (0.44444, 0.75000), (0.45833, 0.62500), (0.47222, 0.62500), (0.47222, 0.75000), (0.45833, 0.75000), (0.47222, 0.62500), (0.48611, 0.62500), (0.48611, 0.75000), (0.47222, 0.75000), (0.48611, 0.62500), (0.50000, 0.62500), (0.50000, 0.75000), (0.48611, 0.75000), (0.50000, 0.62500), (0.51389, 0.62500), (0.51389, 0.75000), (0.50000, 0.75000), (0.51389, 0.62500), (0.52778, 0.62500), (0.52778, 0.75000), (0.51389, 0.75000), (0.52778, 0.62500), (0.54167, 0.62500), (0.54167, 0.75000), (0.52778, 0.75000), (0.54167, 0.62500), (0.55556, 0.62500), (0.55556, 0.75000), (0.54167, 0.75000), (0.55556, 0.62500), (0.56944, 0.62500), (0.56944, 0.75000), (0.55556, 0.75000), (0.56944, 0.62500), (0.58333, 0.62500), (0.58333, 0.75000), (0.56944, 0.75000), (0.58333, 0.62500), (0.59722, 0.62500), (0.59722, 0.75000), (0.58333, 0.75000), (0.59722, 0.62500), (0.61111, 0.62500), (0.61111, 0.75000), (0.59722, 0.75000), (0.61111, 0.62500), (0.62500, 0.62500), (0.62500, 0.75000), (0.61111, 0.75000), (0.62500, 0.62500), (0.63889, 0.62500), (0.63889, 0.75000), (0.62500, 0.75000), (0.63889, 0.62500), (0.65278, 0.62500), (0.65278, 0.75000), (0.63889, 0.75000), (0.65278, 0.62500), (0.66667, 0.62500), (0.66667, 0.75000), (0.65278, 0.75000), (0.66667, 0.62500), (0.68056, 0.62500), (0.68056, 0.75000), (0.66667, 0.75000), (0.68056, 0.62500), (0.69444, 0.62500), (0.69444, 0.75000), (0.68056, 0.75000), (0.69444, 0.62500), (0.70833, 0.62500), (0.70833, 0.75000), (0.69444, 0.75000), (0.70833, 0.62500), (0.72222, 0.62500), (0.72222, 0.75000), (0.70833, 0.75000), (0.72222, 0.62500), (0.73611, 0.62500), (0.73611, 0.75000), (0.72222, 0.75000), (0.73611, 0.62500), (0.75000, 0.62500), (0.75000, 0.75000), (0.73611, 0.75000), (0.75000, 0.62500), (0.76389, 0.62500), (0.76389, 0.75000), (0.75000, 0.75000), (0.76389, 0.62500), (0.77778, 0.62500), (0.77778, 0.75000), (0.76389, 0.75000), (0.77778, 0.62500), (0.79167, 0.62500), (0.79167, 0.75000), (0.77778, 0.75000), (0.79167, 0.62500), (0.80556, 0.62500), (0.80556, 0.75000), (0.79167, 0.75000), (0.80556, 0.62500), (0.81944, 0.62500), (0.81944, 0.75000), (0.80556, 0.75000), (0.81944, 0.62500), (0.83333, 0.62500), (0.83333, 0.75000), (0.81944, 0.75000), (0.83333, 0.62500), (0.84722, 0.62500), (0.84722, 0.75000), (0.83333, 0.75000), (0.84722, 0.62500), (0.86111, 0.62500), (0.86111, 0.75000), (0.84722, 0.75000), (0.86111, 0.62500), (0.87500, 0.62500), (0.87500, 0.75000), (0.86111, 0.75000), (0.87500, 0.62500), (0.88889, 0.62500), (0.88889, 0.75000), (0.87500, 0.75000), (0.88889, 0.62500), (0.90278, 0.62500), (0.90278, 0.75000), (0.88889, 0.75000), (0.90278, 0.62500), (0.91667, 0.62500), (0.91667, 0.75000), (0.90278, 0.75000), (0.91667, 0.62500), (0.93056, 0.62500), (0.93056, 0.75000), (0.91667, 0.75000), (0.93056, 0.62500), (0.94444, 0.62500), (0.94444, 0.75000), (0.93056, 0.75000), (0.94444, 0.62500), (0.95833, 0.62500), (0.95833, 0.75000), (0.94444, 0.75000), (0.95833, 0.62500), (0.97222, 0.62500), (0.97222, 0.75000), (0.95833, 0.75000), (0.97222, 0.62500), (0.98611, 0.62500), (0.98611, 0.75000), (0.97222, 0.75000), (0.98611, 0.62500), (1.00000, 0.62500), (1.00000, 0.75000), (0.98611, 0.75000), (0.00000, 0.75000), (0.01389, 0.75000), (0.01389, 0.87500), (0.00000, 0.87500), (0.01389, 0.75000), (0.02778, 0.75000), (0.02778, 0.87500), (0.01389, 0.87500), (0.02778, 0.75000), (0.04167, 0.75000), (0.04167, 0.87500), (0.02778, 0.87500), (0.04167, 0.75000), (0.05556, 0.75000), (0.05556, 0.87500), (0.04167, 0.87500), (0.05556, 0.75000), (0.06944, 0.75000), (0.06944, 0.87500), (0.05556, 0.87500), (0.06944, 0.75000), (0.08333, 0.75000), (0.08333, 0.87500), (0.06944, 0.87500), (0.08333, 0.75000), (0.09722, 0.75000), (0.09722, 0.87500), (0.08333, 0.87500), (0.09722, 0.75000), (0.11111, 0.75000), (0.11111, 0.87500), (0.09722, 0.87500), (0.11111, 0.75000), (0.12500, 0.75000), (0.12500, 0.87500), (0.11111, 0.87500), (0.12500, 0.75000), (0.13889, 0.75000), (0.13889, 0.87500), (0.12500, 0.87500), (0.13889, 0.75000), (0.15278, 0.75000), (0.15278, 0.87500), (0.13889, 0.87500), (0.15278, 0.75000), (0.16667, 0.75000), (0.16667, 0.87500), (0.15278, 0.87500), (0.16667, 0.75000), (0.18056, 0.75000), (0.18056, 0.87500), (0.16667, 0.87500), (0.18056, 0.75000), (0.19444, 0.75000), (0.19444, 0.87500), (0.18056, 0.87500), (0.19444, 0.75000), (0.20833, 0.75000), (0.20833, 0.87500), (0.19444, 0.87500), (0.20833, 0.75000), (0.22222, 0.75000), (0.22222, 0.87500), (0.20833, 0.87500), (0.22222, 0.75000), (0.23611, 0.75000), (0.23611, 0.87500), (0.22222, 0.87500), (0.23611, 0.75000), (0.25000, 0.75000), (0.25000, 0.87500), (0.23611, 0.87500), (0.25000, 0.75000), (0.26389, 0.75000), (0.26389, 0.87500), (0.25000, 0.87500), (0.26389, 0.75000), (0.27778, 0.75000), (0.27778, 0.87500), (0.26389, 0.87500), (0.27778, 0.75000), (0.29167, 0.75000), (0.29167, 0.87500), (0.27778, 0.87500), (0.29167, 0.75000), (0.30556, 0.75000), (0.30556, 0.87500), (0.29167, 0.87500), (0.30556, 0.75000), (0.31944, 0.75000), (0.31944, 0.87500), (0.30556, 0.87500), (0.31944, 0.75000), (0.33333, 0.75000), (0.33333, 0.87500), (0.31944, 0.87500), (0.33333, 0.75000), (0.34722, 0.75000), (0.34722, 0.87500), (0.33333, 0.87500), (0.34722, 0.75000), (0.36111, 0.75000), (0.36111, 0.87500), (0.34722, 0.87500), (0.36111, 0.75000), (0.37500, 0.75000), (0.37500, 0.87500), (0.36111, 0.87500), (0.37500, 0.75000), (0.38889, 0.75000), (0.38889, 0.87500), (0.37500, 0.87500), (0.38889, 0.75000), (0.40278, 0.75000), (0.40278, 0.87500), (0.38889, 0.87500), (0.40278, 0.75000), (0.41667, 0.75000), (0.41667, 0.87500), (0.40278, 0.87500), (0.41667, 0.75000), (0.43056, 0.75000), (0.43056, 0.87500), (0.41667, 0.87500), (0.43056, 0.75000), (0.44444, 0.75000), (0.44444, 0.87500), (0.43056, 0.87500), (0.44444, 0.75000), (0.45833, 0.75000), (0.45833, 0.87500), (0.44444, 0.87500), (0.45833, 0.75000), (0.47222, 0.75000), (0.47222, 0.87500), (0.45833, 0.87500), (0.47222, 0.75000), (0.48611, 0.75000), (0.48611, 0.87500), (0.47222, 0.87500), (0.48611, 0.75000), (0.50000, 0.75000), (0.50000, 0.87500), (0.48611, 0.87500), (0.50000, 0.75000), (0.51389, 0.75000), (0.51389, 0.87500), (0.50000, 0.87500), (0.51389, 0.75000), (0.52778, 0.75000), (0.52778, 0.87500), (0.51389, 0.87500), (0.52778, 0.75000), (0.54167, 0.75000), (0.54167, 0.87500), (0.52778, 0.87500), (0.54167, 0.75000), (0.55556, 0.75000), (0.55556, 0.87500), (0.54167, 0.87500), (0.55556, 0.75000), (0.56944, 0.75000), (0.56944, 0.87500), (0.55556, 0.87500), (0.56944, 0.75000), (0.58333, 0.75000), (0.58333, 0.87500), (0.56944, 0.87500), (0.58333, 0.75000), (0.59722, 0.75000), (0.59722, 0.87500), (0.58333, 0.87500), (0.59722, 0.75000), (0.61111, 0.75000), (0.61111, 0.87500), (0.59722, 0.87500), (0.61111, 0.75000), (0.62500, 0.75000), (0.62500, 0.87500), (0.61111, 0.87500), (0.62500, 0.75000), (0.63889, 0.75000), (0.63889, 0.87500), (0.62500, 0.87500), (0.63889, 0.75000), (0.65278, 0.75000), (0.65278, 0.87500), (0.63889, 0.87500), (0.65278, 0.75000), (0.66667, 0.75000), (0.66667, 0.87500), (0.65278, 0.87500), (0.66667, 0.75000), (0.68056, 0.75000), (0.68056, 0.87500), (0.66667, 0.87500), (0.68056, 0.75000), (0.69444, 0.75000), (0.69444, 0.87500), (0.68056, 0.87500), (0.69444, 0.75000), (0.70833, 0.75000), (0.70833, 0.87500), (0.69444, 0.87500), (0.70833, 0.75000), (0.72222, 0.75000), (0.72222, 0.87500), (0.70833, 0.87500), (0.72222, 0.75000), (0.73611, 0.75000), (0.73611, 0.87500), (0.72222, 0.87500), (0.73611, 0.75000), (0.75000, 0.75000), (0.75000, 0.87500), (0.73611, 0.87500), (0.75000, 0.75000), (0.76389, 0.75000), (0.76389, 0.87500), (0.75000, 0.87500), (0.76389, 0.75000), (0.77778, 0.75000), (0.77778, 0.87500), (0.76389, 0.87500), (0.77778, 0.75000), (0.79167, 0.75000), (0.79167, 0.87500), (0.77778, 0.87500), (0.79167, 0.75000), (0.80556, 0.75000), (0.80556, 0.87500), (0.79167, 0.87500), (0.80556, 0.75000), (0.81944, 0.75000), (0.81944, 0.87500), (0.80556, 0.87500), (0.81944, 0.75000), (0.83333, 0.75000), (0.83333, 0.87500), (0.81944, 0.87500), (0.83333, 0.75000), (0.84722, 0.75000), (0.84722, 0.87500), (0.83333, 0.87500), (0.84722, 0.75000), (0.86111, 0.75000), (0.86111, 0.87500), (0.84722, 0.87500), (0.86111, 0.75000), (0.87500, 0.75000), (0.87500, 0.87500), (0.86111, 0.87500), (0.87500, 0.75000), (0.88889, 0.75000), (0.88889, 0.87500), (0.87500, 0.87500), (0.88889, 0.75000), (0.90278, 0.75000), (0.90278, 0.87500), (0.88889, 0.87500), (0.90278, 0.75000), (0.91667, 0.75000), (0.91667, 0.87500), (0.90278, 0.87500), (0.91667, 0.75000), (0.93056, 0.75000), (0.93056, 0.87500), (0.91667, 0.87500), (0.93056, 0.75000), (0.94444, 0.75000), (0.94444, 0.87500), (0.93056, 0.87500), (0.94444, 0.75000), (0.95833, 0.75000), (0.95833, 0.87500), (0.94444, 0.87500), (0.95833, 0.75000), (0.97222, 0.75000), (0.97222, 0.87500), (0.95833, 0.87500), (0.97222, 0.75000), (0.98611, 0.75000), (0.98611, 0.87500), (0.97222, 0.87500), (0.98611, 0.75000), (1.00000, 0.75000), (1.00000, 0.87500), (0.98611, 0.87500), (0.00000, 0.87500), (0.01389, 0.87500), (0.01389, 1.00000), (0.00000, 1.00000), (0.01389, 0.87500), (0.02778, 0.87500), (0.02778, 1.00000), (0.01389, 1.00000), (0.02778, 0.87500), (0.04167, 0.87500), (0.04167, 1.00000), (0.02778, 1.00000), (0.04167, 0.87500), (0.05556, 0.87500), (0.05556, 1.00000), (0.04167, 1.00000), (0.05556, 0.87500), (0.06944, 0.87500), (0.06944, 1.00000), (0.05556, 1.00000), (0.06944, 0.87500), (0.08333, 0.87500), (0.08333, 1.00000), (0.06944, 1.00000), (0.08333, 0.87500), (0.09722, 0.87500), (0.09722, 1.00000), (0.08333, 1.00000), (0.09722, 0.87500), (0.11111, 0.87500), (0.11111, 1.00000), (0.09722, 1.00000), (0.11111, 0.87500), (0.12500, 0.87500), (0.12500, 1.00000), (0.11111, 1.00000), (0.12500, 0.87500), (0.13889, 0.87500), (0.13889, 1.00000), (0.12500, 1.00000), (0.13889, 0.87500), (0.15278, 0.87500), (0.15278, 1.00000), (0.13889, 1.00000), (0.15278, 0.87500), (0.16667, 0.87500), (0.16667, 1.00000), (0.15278, 1.00000), (0.16667, 0.87500), (0.18056, 0.87500), (0.18056, 1.00000), (0.16667, 1.00000), (0.18056, 0.87500), (0.19444, 0.87500), (0.19444, 1.00000), (0.18056, 1.00000), (0.19444, 0.87500), (0.20833, 0.87500), (0.20833, 1.00000), (0.19444, 1.00000), (0.20833, 0.87500), (0.22222, 0.87500), (0.22222, 1.00000), (0.20833, 1.00000), (0.22222, 0.87500), (0.23611, 0.87500), (0.23611, 1.00000), (0.22222, 1.00000), (0.23611, 0.87500), (0.25000, 0.87500), (0.25000, 1.00000), (0.23611, 1.00000), (0.25000, 0.87500), (0.26389, 0.87500), (0.26389, 1.00000), (0.25000, 1.00000), (0.26389, 0.87500), (0.27778, 0.87500), (0.27778, 1.00000), (0.26389, 1.00000), (0.27778, 0.87500), (0.29167, 0.87500), (0.29167, 1.00000), (0.27778, 1.00000), (0.29167, 0.87500), (0.30556, 0.87500), (0.30556, 1.00000), (0.29167, 1.00000), (0.30556, 0.87500), (0.31944, 0.87500), (0.31944, 1.00000), (0.30556, 1.00000), (0.31944, 0.87500), (0.33333, 0.87500), (0.33333, 1.00000), (0.31944, 1.00000), (0.33333, 0.87500), (0.34722, 0.87500), (0.34722, 1.00000), (0.33333, 1.00000), (0.34722, 0.87500), (0.36111, 0.87500), (0.36111, 1.00000), (0.34722, 1.00000), (0.36111, 0.87500), (0.37500, 0.87500), (0.37500, 1.00000), (0.36111, 1.00000), (0.37500, 0.87500), (0.38889, 0.87500), (0.38889, 1.00000), (0.37500, 1.00000), (0.38889, 0.87500), (0.40278, 0.87500), (0.40278, 1.00000), (0.38889, 1.00000), (0.40278, 0.87500), (0.41667, 0.87500), (0.41667, 1.00000), (0.40278, 1.00000), (0.41667, 0.87500), (0.43056, 0.87500), (0.43056, 1.00000), (0.41667, 1.00000), (0.43056, 0.87500), (0.44444, 0.87500), (0.44444, 1.00000), (0.43056, 1.00000), (0.44444, 0.87500), (0.45833, 0.87500), (0.45833, 1.00000), (0.44444, 1.00000), (0.45833, 0.87500), (0.47222, 0.87500), (0.47222, 1.00000), (0.45833, 1.00000), (0.47222, 0.87500), (0.48611, 0.87500), (0.48611, 1.00000), (0.47222, 1.00000), (0.48611, 0.87500), (0.50000, 0.87500), (0.50000, 1.00000), (0.48611, 1.00000), (0.50000, 0.87500), (0.51389, 0.87500), (0.51389, 1.00000), (0.50000, 1.00000), (0.51389, 0.87500), (0.52778, 0.87500), (0.52778, 1.00000), (0.51389, 1.00000), (0.52778, 0.87500), (0.54167, 0.87500), (0.54167, 1.00000), (0.52778, 1.00000), (0.54167, 0.87500), (0.55556, 0.87500), (0.55556, 1.00000), (0.54167, 1.00000), (0.55556, 0.87500), (0.56944, 0.87500), (0.56944, 1.00000), (0.55556, 1.00000), (0.56944, 0.87500), (0.58333, 0.87500), (0.58333, 1.00000), (0.56944, 1.00000), (0.58333, 0.87500), (0.59722, 0.87500), (0.59722, 1.00000), (0.58333, 1.00000), (0.59722, 0.87500), (0.61111, 0.87500), (0.61111, 1.00000), (0.59722, 1.00000), (0.61111, 0.87500), (0.62500, 0.87500), (0.62500, 1.00000), (0.61111, 1.00000), (0.62500, 0.87500), (0.63889, 0.87500), (0.63889, 1.00000), (0.62500, 1.00000), (0.63889, 0.87500), (0.65278, 0.87500), (0.65278, 1.00000), (0.63889, 1.00000), (0.65278, 0.87500), (0.66667, 0.87500), (0.66667, 1.00000), (0.65278, 1.00000), (0.66667, 0.87500), (0.68056, 0.87500), (0.68056, 1.00000), (0.66667, 1.00000), (0.68056, 0.87500), (0.69444, 0.87500), (0.69444, 1.00000), (0.68056, 1.00000), (0.69444, 0.87500), (0.70833, 0.87500), (0.70833, 1.00000), (0.69444, 1.00000), (0.70833, 0.87500), (0.72222, 0.87500), (0.72222, 1.00000), (0.70833, 1.00000), (0.72222, 0.87500), (0.73611, 0.87500), (0.73611, 1.00000), (0.72222, 1.00000), (0.73611, 0.87500), (0.75000, 0.87500), (0.75000, 1.00000), (0.73611, 1.00000), (0.75000, 0.87500), (0.76389, 0.87500), (0.76389, 1.00000), (0.75000, 1.00000), (0.76389, 0.87500), (0.77778, 0.87500), (0.77778, 1.00000), (0.76389, 1.00000), (0.77778, 0.87500), (0.79167, 0.87500), (0.79167, 1.00000), (0.77778, 1.00000), (0.79167, 0.87500), (0.80556, 0.87500), (0.80556, 1.00000), (0.79167, 1.00000), (0.80556, 0.87500), (0.81944, 0.87500), (0.81944, 1.00000), (0.80556, 1.00000), (0.81944, 0.87500), (0.83333, 0.87500), (0.83333, 1.00000), (0.81944, 1.00000), (0.83333, 0.87500), (0.84722, 0.87500), (0.84722, 1.00000), (0.83333, 1.00000), (0.84722, 0.87500), (0.86111, 0.87500), (0.86111, 1.00000), (0.84722, 1.00000), (0.86111, 0.87500), (0.87500, 0.87500), (0.87500, 1.00000), (0.86111, 1.00000), (0.87500, 0.87500), (0.88889, 0.87500), (0.88889, 1.00000), (0.87500, 1.00000), (0.88889, 0.87500), (0.90278, 0.87500), (0.90278, 1.00000), (0.88889, 1.00000), (0.90278, 0.87500), (0.91667, 0.87500), (0.91667, 1.00000), (0.90278, 1.00000), (0.91667, 0.87500), (0.93056, 0.87500), (0.93056, 1.00000), (0.91667, 1.00000), (0.93056, 0.87500), (0.94444, 0.87500), (0.94444, 1.00000), (0.93056, 1.00000), (0.94444, 0.87500), (0.95833, 0.87500), (0.95833, 1.00000), (0.94444, 1.00000), (0.95833, 0.87500), (0.97222, 0.87500), (0.97222, 1.00000), (0.95833, 1.00000), (0.97222, 0.87500), (0.98611, 0.87500), (0.98611, 1.00000), (0.97222, 1.00000), (0.98611, 0.87500), (1.00000, 0.87500), (1.00000, 1.00000), (0.98611, 1.00000), (0.00000, 0.00000), (0.00000, 0.00000), (0.00000, 0.00000), (0.00000, 0.00000), (0.00000, 0.00000), (0.00000, 0.00000), (0.00000, 0.00000), (0.00000, 0.00000), (0.00000, 0.00000), (0.00000, 0.00000), (0.00000, 0.00000), (0.00000, 0.00000), (0.00000, 0.00000), (0.00000, 0.00000), (0.00000, 0.00000), (0.00000, 0.00000), (0.00000, 0.00000), (0.00000, 0.00000), (0.00000, 0.00000), (0.00000, 0.00000), (0.00000, 0.00000), (0.00000, 0.00000), (0.00000, 0.00000), (0.00000, 0.00000), (0.00000, 0.00000), (0.00000, 0.00000), (0.00000, 0.00000), (0.00000, 0.00000), (0.00000, 0.00000), (0.00000, 0.00000), (0.00000, 0.00000), (0.00000, 0.00000), (0.00000, 0.00000), (0.00000, 0.00000), (0.00000, 0.00000), (0.00000, 0.00000), (0.00000, 0.00000), (0.00000, 0.00000), (0.00000, 0.00000), (0.00000, 0.00000), (0.00000, 0.00000), (0.00000, 0.00000), (0.00000, 0.00000), (0.00000, 0.00000), (0.00000, 0.00000), (0.00000, 0.00000), (0.00000, 0.00000), (0.00000, 0.00000), (0.00000, 0.00000), (0.00000, 0.00000), (0.00000, 0.00000), (0.00000, 0.00000), (0.00000, 0.00000), (0.00000, 0.00000), (0.00000, 0.00000), (0.00000, 0.00000), (0.00000, 0.00000), (0.00000, 0.00000), (0.00000, 0.00000), (0.00000, 0.00000), (0.00000, 0.00000), (0.00000, 0.00000), (0.00000, 0.00000), (0.00000, 0.00000), (0.00000, 0.00000), (0.00000, 0.00000), (0.00000, 0.00000), (0.00000, 0.00000), (0.00000, 0.00000), (0.00000, 0.00000), (0.00000, 0.00000), (0.00000, 0.00000), (0.00000, 0.00000), (0.00000, 0.00000), (0.00000, 0.00000), (0.00000, 0.00000), (0.00000, 0.00000), (0.00000, 0.00000), (0.00000, 0.00000), (0.00000, 0.00000), (0.00000, 0.00000), (0.00000, 0.00000), (0.00000, 0.00000), (0.00000, 0.00000), (0.00000, 0.00000), (0.00000, 0.00000), (0.00000, 0.00000), (0.00000, 0.00000), (0.00000, 0.00000), (0.00000, 0.00000), (0.00000, 0.00000), (0.00000, 0.00000), (0.00000, 0.00000), (0.00000, 0.00000), (0.00000, 0.00000), (0.00000, 0.00000), (0.00000, 0.00000), (0.00000, 0.00000), (0.00000, 0.00000), (0.00000, 0.00000), (0.00000, 0.00000), (0.00000, 0.00000), (0.00000, 0.00000), (0.00000, 0.00000), (0.00000, 0.00000), (0.00000, 0.00000), (0.00000, 0.00000), (0.00000, 0.00000), (0.00000, 0.00000), (0.00000, 0.00000), (0.00000, 0.00000), (0.00000, 0.00000), (0.00000, 0.00000), (0.00000, 0.00000), (0.00000, 0.00000), (0.00000, 0.00000), (0.00000, 0.00000), (0.00000, 0.00000), (0.00000, 0.00000), (0.00000, 0.00000), (0.00000, 0.00000), (0.00000, 0.00000), (0.00000, 0.00000), (0.00000, 0.00000), (0.00000, 0.00000), (0.00000, 0.00000), (0.00000, 0.00000), (0.00000, 0.00000), (0.00000, 0.00000), (0.00000, 0.00000), (0.00000, 0.00000), (0.00000, 0.00000), (0.00000, 0.00000), (0.00000, 0.00000), (0.00000, 0.00000), (0.00000, 0.00000), (0.00000, 0.00000), (0.00000, 0.00000), (0.00000, 0.00000), (0.00000, 0.00000), (0.00000, 0.00000), (0.00000, 0.00000), (0.00000, 0.00000), (0.00000, 0.00000), (0.00000, 0.00000), (0.00000, 0.00000), (0.00000, 0.00000), (0.00000, 0.00000), (0.00000, 0.00000), (0.00000, 0.00000), (0.00000, 0.00000), (0.00000, 0.00000), (0.00000, 0.00000), (0.00000, 0.00000), (0.00000, 0.00000), (0.00000, 0.00000), (0.00000, 0.00000), (0.00000, 0.00000), (0.00000, 0.00000), (0.00000, 0.00000), (0.00000, 0.00000), (0.00000, 0.00000), (0.00000, 0.00000), (0.00000, 0.00000), (0.00000, 0.00000), (0.00000, 0.00000), (0.00000, 0.00000), (0.00000, 0.00000), (0.00000, 0.00000), (0.00000, 0.00000), (0.00000, 0.00000), (0.00000, 0.00000), (0.00000, 0.00000), (0.00000, 0.00000), (0.00000, 0.00000), (0.00000, 0.00000), (0.00000, 0.00000), (0.00000, 0.00000), (0.00000, 0.00000), (0.00000, 0.00000), (0.00000, 0.00000), (0.00000, 0.00000), (0.00000, 0.00000), (0.00000, 0.00000), (0.00000, 0.00000), (0.00000, 0.00000), (0.00000, 0.00000), (0.00000, 0.00000), (0.00000, 0.00000), (0.00000, 0.00000), (0.00000, 0.00000), (0.00000, 0.00000), (0.00000, 0.00000), (0.00000, 0.00000), (0.00000, 0.00000), (0.00000, 0.00000), (0.00000, 0.00000), (0.00000, 0.00000), (0.00000, 0.00000), (0.00000, 0.00000), (0.00000, 0.00000), (0.00000, 0.00000), (0.00000, 0.00000), (0.00000, 0.00000), (0.00000, 0.00000), (0.00000, 0.00000), (0.00000, 0.00000), (0.00000, 0.00000), (0.00000, 0.00000), (0.00000, 0.00000), (0.00000, 0.00000), (0.00000, 0.00000), (0.00000, 0.00000), (0.00000, 0.00000), (0.00000, 0.00000), (0.00000, 0.00000), (0.00000, 0.00000), (0.00000, 0.00000), (0.00000, 0.00000), (0.00000, 0.00000), (0.00000, 0.00000), (0.00000, 0.00000), (0.00000, 0.00000), (0.00000, 0.00000), (0.00000, 0.00000), (0.00000, 0.00000), (0.00000, 0.00000), (0.00000, 0.00000), (0.00000, 0.00000), (0.00000, 0.00000), (0.00000, 0.00000), (0.00000, 0.00000), (0.00000, 0.00000), (0.00000, 0.00000), (0.00000, 0.00000), (0.00000, 0.00000), (0.00000, 0.00000), (0.00000, 0.00000), (0.00000, 0.00000), (0.00000, 0.00000), (0.00000, 0.00000), (0.00000, 0.00000), (0.00000, 0.00000), (0.00000, 0.00000), (0.00000, 0.00000), (0.00000, 0.00000), (0.00000, 0.00000), (0.00000, 0.00000), (0.00000, 0.00000), (0.00000, 0.00000), (0.00000, 0.00000), (0.00000, 0.00000), (0.00000, 0.00000), (0.00000, 0.00000), (0.00000, 0.00000), (0.00000, 0.00000), (0.00000, 0.00000), (0.00000, 0.00000), (0.00000, 0.00000), (0.00000, 0.00000), (0.00000, 0.00000), (0.00000, 0.00000), (0.00000, 0.00000), (0.00000, 0.00000), (0.00000, 0.00000), (0.00000, 0.00000), (0.00000, 0.00000), (0.00000, 0.00000), (0.00000, 0.00000), (0.00000, 0.00000), (0.00000, 0.00000), (0.00000, 0.00000), (0.00000, 0.00000), (0.00000, 0.00000), (0.00000, 0.00000), (0.00000, 0.00000), (0.00000, 0.00000), (0.00000, 0.00000), (0.00000, 0.00000), (0.00000, 0.00000), (0.00000, 0.00000), (0.00000, 0.00000), (0.00000, 0.00000), (0.00000, 0.00000), (0.00000, 0.00000), (0.00000, 0.00000), (0.00000, 0.00000), (0.00000, 0.00000), (0.00000, 0.00000), (0.00000, 0.00000), (0.00000, 0.00000), (0.00000, 0.00000), (0.00000, 0.00000), (0.00000, 0.00000), (0.00000, 0.00000), (0.00000, 0.00000), (0.00000, 0.00000), (0.00000, 0.00000), (0.00000, 0.00000), (0.00000, 0.00000), (0.00000, 0.00000), (0.00000, 0.00000), (0.00000, 0.00000), (0.00000, 0.00000), (0.00000, 0.00000), (0.00000, 0.00000), (0.00000, 0.00000), (0.00000, 0.00000), (0.00000, 0.00000), (0.00000, 0.00000), (0.00000, 0.00000), (0.00000, 0.00000), (0.00000, 0.00000), (0.00000, 0.00000), (0.00000, 0.00000), (0.00000, 0.00000), (0.00000, 0.00000), (0.00000, 0.00000), (0.00000, 0.00000), (0.00000, 0.00000), (0.00000, 0.00000), (0.00000, 0.00000), (0.00000, 0.00000), (0.00000, 0.00000), (0.00000, 0.00000), (0.00000, 0.00000), (0.00000, 0.00000), (0.00000, 0.00000), (0.00000, 0.00000), (0.00000, 0.00000), (0.00000, 0.00000), (0.00000, 0.00000), (0.00000, 0.00000), (0.00000, 0.00000), (0.00000, 0.00000), (0.00000, 0.00000), (0.00000, 0.00000), (0.00000, 0.00000), (0.00000, 0.00000), (0.00000, 0.00000), (0.00000, 0.00000), (0.00000, 0.00000), (0.00000, 0.00000), (0.00000, 0.00000), (0.00000, 0.00000), (0.00000, 0.00000), (0.00000, 0.00000), (0.00000, 0.00000), (0.00000, 0.00000), (0.00000, 0.00000), (0.00000, 0.00000), (0.00000, 0.00000), (0.00000, 0.00000), (0.00000, 0.00000), (0.00000, 0.00000), (0.00000, 0.00000), (0.00000, 0.00000), (0.00000, 0.00000), (0.00000, 0.00000), (0.00000, 0.00000), (0.00000, 0.00000), (0.00000, 0.00000), (0.00000, 0.00000), (0.00000, 0.00000), (0.00000, 0.00000), (0.00000, 0.00000), (0.00000, 0.00000), (0.00000, 0.00000), (0.00000, 0.00000), (0.00000, 0.00000), (0.00000, 0.00000), (0.00000, 0.00000), (0.00000, 0.00000), (0.00000, 0.00000), (0.00000, 0.00000), (0.00000, 0.00000), (0.00000, 0.00000), (0.00000, 0.00000), (0.00000, 0.00000), (0.00000, 0.00000), (0.00000, 0.00000), (0.00000, 0.00000), (0.00000, 0.00000), (0.00000, 0.00000), (0.00000, 0.00000), (0.00000, 0.00000), (0.00000, 0.00000), (0.00000, 0.00000), (0.00000, 0.00000), (0.00000, 0.00000), (0.00000, 0.00000), (0.00000, 0.00000), (0.00000, 0.00000), (0.00000, 0.00000), (0.00000, 0.00000), (0.00000, 0.00000), (0.00000, 0.00000), (0.00000, 0.00000), (0.00000, 0.00000), (0.00000, 0.00000), (0.00000, 0.00000), (0.00000, 0.00000), (0.00000, 0.00000), (0.00000, 0.00000), (0.00000, 0.00000), (0.00000, 0.00000), (0.00000, 0.00000), (0.00000, 0.00000), (0.00000, 0.00000), (0.00000, 0.00000), (0.00000, 0.00000), (0.00000, 0.00000), (0.00000, 0.00000), (0.00000, 0.00000), (0.00000, 0.00000), (0.00000, 0.00000), (0.00000, 0.00000), (0.00000, 0.00000), (0.00000, 0.00000), (0.00000, 0.00000), (0.00000, 0.00000), (0.00000, 0.00000), (0.00000, 0.00000), (0.00000, 0.00000), (0.00000, 0.00000), (0.00000, 0.00000), (0.00000, 0.00000), (0.00000, 0.00000), (0.00000, 0.00000), (0.00000, 0.00000), (0.00000, 0.00000), (0.00000, 0.00000), (0.00000, 0.00000), (0.00000, 0.00000), (0.00000, 0.00000), (0.00000, 0.00000), (0.00000, 0.00000), (0.00000, 0.00000), (0.00000, 0.00000), (0.00000, 0.00000), (0.00000, 0.00000), (0.00000, 0.00000), (0.00000, 0.00000), (0.00000, 0.00000), (0.00000, 0.00000), (0.00000, 0.00000), (0.00000, 0.00000), (0.00000, 0.00000), (0.00000, 0.00000), (0.00000, 0.00000), (0.00000, 0.00000), (0.00000, 0.00000), (0.00000, 0.00000), (0.00000, 0.00000), (0.00000, 0.00000), (0.00000, 0.00000), (0.00000, 0.00000), (0.00000, 0.00000), (0.00000, 0.00000), (0.00000, 0.00000), (0.00000, 0.00000), (0.00000, 0.00000), (0.00000, 0.00000), (0.00000, 0.00000), (0.00000, 0.00000), (0.00000, 0.00000), (0.00000, 0.00000), (0.00000, 0.00000), (0.00000, 0.00000), (0.00000, 0.00000), (0.00000, 0.00000), (0.00000, 0.00000), (0.00000, 0.00000), (0.00000, 0.00000), (0.00000, 0.00000), (0.00000, 0.00000), (0.00000, 0.00000), (0.00000, 0.00000), (0.00000, 0.00000), (0.00000, 0.00000), (0.00000, 0.00000), (0.00000, 0.00000), (0.00000, 0.00000), (0.00000, 0.00000), (0.00000, 0.00000), (0.00000, 0.00000), (0.00000, 0.00000), (0.00000, 0.00000), (0.00000, 0.00000), (0.00000, 0.00000), (0.00000, 0.00000), (0.00000, 0.00000), (0.00000, 0.00000), (0.00000, 0.00000), (0.00000, 0.00000), (0.00000, 0.00000), (0.00000, 0.00000), (0.00000, 0.00000), (0.00000, 0.00000), (0.00000, 0.00000), (0.00000, 0.00000), (0.00000, 0.00000), (0.00000, 0.00000), (0.00000, 0.00000), (0.00000, 0.00000), (0.00000, 0.00000), (0.00000, 0.00000), (0.00000, 0.00000), (0.00000, 0.00000), (0.00000, 0.00000), (0.00000, 0.00000), (0.00000, 0.00000), (0.00000, 0.00000), (0.00000, 0.00000), (0.00000, 0.00000), (0.00000, 0.00000), (0.00000, 0.00000), (0.00000, 0.00000), (0.00000, 0.00000), (0.00000, 0.00000), (0.00000, 0.00000), (0.00000, 0.00000), (0.00000, 0.00000), (0.00000, 0.00000), (0.00000, 0.00000), (0.00000, 0.00000), (0.00000, 0.00000), (0.00000, 0.00000), (0.00000, 0.00000), (0.00000, 0.00000), (0.00000, 0.00000), (0.00000, 0.00000), (0.00000, 0.00000), (0.00000, 0.00000), (0.00000, 0.00000), (0.00000, 0.00000), (0.00000, 0.00000), (0.00000, 0.00000), (0.00000, 0.00000), (0.00000, 0.00000), (0.00000, 0.00000), (0.00000, 0.00000), (0.00000, 0.00000), (0.00000, 0.00000), (0.00000, 0.00000), (0.00000, 0.00000), (0.00000, 0.00000), (0.00000, 0.00000), (0.00000, 0.00000), (0.00000, 0.00000), (0.00000, 0.00000), (0.00000, 0.00000), (0.00000, 0.00000), (0.00000, 0.00000), (0.00000, 0.00000), (0.00000, 0.00000), (0.00000, 0.00000), (0.00000, 0.00000), (0.00000, 0.00000), (0.00000, 0.00000), (0.00000, 0.00000), (0.00000, 0.00000), (0.00000, 0.00000), (0.00000, 0.00000), (0.00000, 0.00000), (0.00000, 0.00000), (0.00000, 0.00000), (0.00000, 0.00000), (0.00000, 0.00000), (0.00000, 0.00000), (0.00000, 0.00000), (0.00000, 0.00000), (0.00000, 0.00000), (0.00000, 0.00000), (0.00000, 0.00000), (0.00000, 0.00000), (0.00000, 0.00000), (0.00000, 0.00000), (0.00000, 0.00000), (0.00000, 0.00000), (0.00000, 0.00000), (0.00000, 0.00000), (0.00000, 0.00000), (0.00000, 0.00000), (0.00000, 0.00000), (0.00000, 0.00000), (0.00000, 0.00000), (0.00000, 0.00000), (0.00000, 0.00000), (0.00000, 0.00000), (0.00000, 0.00000), (0.00000, 0.00000), (0.00000, 0.00000), (0.00000, 0.00000), (0.00000, 0.00000), (0.00000, 0.00000), (0.00000, 0.00000), (0.00000, 0.00000), (0.00000, 0.00000), (0.00000, 0.00000), (0.00000, 0.00000), (0.00000, 0.00000), (0.00000, 0.00000), (0.00000, 0.00000), (0.00000, 0.00000), (0.00000, 0.00000), (0.00000, 0.00000), (0.00000, 0.00000), (0.00000, 0.00000), (0.00000, 0.00000), (0.00000, 0.00000), (0.00000, 0.00000), (0.00000, 0.00000), (0.00000, 0.00000), (0.00000, 0.00000), (0.00000, 0.00000), (0.00000, 0.00000), (0.00000, 0.00000), (0.00000, 0.00000), (0.00000, 0.00000), (0.00000, 0.00000), (0.00000, 0.00000), (0.00000, 0.00000), (0.00000, 0.00000), (0.00000, 0.00000), (0.00000, 0.00000), (0.00000, 0.00000), (0.00000, 0.00000), (0.00000, 0.00000), (0.00000, 0.00000), (0.00000, 0.00000), (0.00000, 0.00000), (0.00000, 0.00000), (0.00000, 0.00000), (0.00000, 0.00000), (0.00000, 0.00000), (0.00000, 0.00000), (0.00000, 0.00000), (0.00000, 0.00000), (0.00000, 0.00000), (0.00000, 0.00000), (0.00000, 0.00000), (0.00000, 0.00000), (0.00000, 0.00000), (0.00000, 0.00000), (0.00000, 0.00000), (0.00000, 0.00000), (0.00000, 0.00000), (0.00000, 0.00000), (0.00000, 0.00000), (0.00000, 0.00000), (0.00000, 0.00000), (0.00000, 0.00000), (0.00000, 0.00000), (0.00000, 0.00000), (0.00000, 0.00000), (0.00000, 0.00000), (0.00000, 0.00000), (0.00000, 0.00000), (0.00000, 0.00000), (0.00000, 0.00000), (0.00000, 0.00000), (0.00000, 0.00000), (0.00000, 0.00000), (0.00000, 0.00000), (0.00000, 0.00000), (0.00000, 0.00000), (0.00000, 0.00000), (0.00000, 0.00000), (0.00000, 0.00000), (0.00000, 0.00000), (0.00000, 0.00000), (0.00000, 0.00000), (0.00000, 0.00000), (0.00000, 0.00000), (0.00000, 0.00000), (0.00000, 0.00000), (0.00000, 0.00000), (0.00000, 0.00000), (0.00000, 0.00000), (0.00000, 0.00000), (0.00000, 0.00000), (0.00000, 0.00000), (0.00000, 0.00000), (0.00000, 0.00000), (0.00000, 0.00000), (0.00000, 0.00000), (0.00000, 0.00000), (0.00000, 0.00000), (0.00000, 0.00000), (0.00000, 0.00000), (0.00000, 0.00000), (0.00000, 0.00000), (0.00000, 0.00000), (0.00000, 0.00000), (0.00000, 0.00000), (0.00000, 0.00000), (0.00000, 0.00000), (0.00000, 0.00000), (0.00000, 0.00000), (0.00000, 0.00000), (0.00000, 0.00000), (0.00000, 0.00000), (0.00000, 0.00000), (0.00000, 0.00000), (0.00000, 0.00000), (0.00000, 0.00000), (0.00000, 0.00000), (0.00000, 0.00000), (0.00000, 0.00000), (0.00000, 0.00000), (0.00000, 0.00000), (0.00000, 0.00000), (0.00000, 0.00000), (0.00000, 0.00000), (0.00000, 0.00000), (0.00000, 0.00000), (0.00000, 0.00000), (0.00000, 0.00000), (0.00000, 0.00000), (0.00000, 0.00000), (0.00000, 0.00000), (0.00000, 0.00000), (0.00000, 0.00000), (0.00000, 0.00000), (0.00000, 0.00000), (0.00000, 0.00000), (0.00000, 0.00000), (0.00000, 0.00000), (0.00000, 0.00000), (0.00000, 0.00000), (0.00000, 0.00000), (0.00000, 0.00000), (0.00000, 0.00000), (0.00000, 0.00000), (0.00000, 0.00000), (0.00000, 0.00000), (0.00000, 0.00000), (0.00000, 0.00000), (0.00000, 0.00000), (0.00000, 0.00000), (0.00000, 0.00000), (0.00000, 0.00000), (0.00000, 0.00000), (0.00000, 0.00000), (0.00000, 0.00000), (0.00000, 0.00000), (0.00000, 0.00000), (0.00000, 0.00000), (0.00000, 0.00000), (0.00000, 0.00000), (0.00000, 0.00000), (0.00000, 0.00000), (0.00000, 0.00000), (0.00000, 0.00000), (0.00000, 0.00000), (0.00000, 0.00000), (0.00000, 0.00000), (0.00000, 0.00000), (0.00000, 0.00000), (0.00000, 0.00000), (0.00000, 0.00000), (0.00000, 0.00000), (0.00000, 0.00000), (0.00000, 0.00000), (0.00000, 0.00000), (0.00000, 0.00000), (0.00000, 0.00000), (0.00000, 0.00000), (0.00000, 0.00000), (0.00000, 0.00000), (0.00000, 0.00000), (0.00000, 0.00000), (0.00000, 0.00000), (0.00000, 0.00000), (0.00000, 0.00000), (0.00000, 0.00000), (0.00000, 0.00000), (0.00000, 0.00000), (0.00000, 0.00000), (0.00000, 0.00000), (0.00000, 0.00000), (0.00000, 0.00000), (0.00000, 0.00000), (0.00000, 0.00000), (0.00000, 0.00000), (0.00000, 0.00000), (0.00000, 0.00000), (0.00000, 0.00000), (0.00000, 0.00000), (0.00000, 0.00000), (0.00000, 0.00000), (0.00000, 0.00000), (0.00000, 0.00000), (0.00000, 0.00000), (0.00000, 0.00000), (0.00000, 0.00000), (0.00000, 0.00000), (0.00000, 0.00000), (0.00000, 0.00000), (0.00000, 0.00000), (0.00000, 0.00000), (0.00000, 0.00000), (0.00000, 0.00000), (0.00000, 0.00000), (0.00000, 0.00000), (0.00000, 0.00000), (0.00000, 0.00000), (0.00000, 0.00000), (0.00000, 0.00000), (0.00000, 0.00000), (0.00000, 0.00000), (0.00000, 0.00000), (0.00000, 0.00000), (0.00000, 0.00000), (0.00000, 0.00000), (0.00000, 0.00000), (0.00000, 0.00000), (0.00000, 0.00000), (0.00000, 0.00000), (0.00000, 0.00000), (0.00000, 0.00000), (0.00000, 0.00000), (0.00000, 0.00000), (0.00000, 0.00000), (0.00000, 0.00000), (0.00000, 0.00000), (0.00000, 0.00000), (0.00000, 0.00000), (0.00000, 0.00000), (0.00000, 0.00000), (0.00000, 0.00000), (0.00000, 0.00000), (0.00000, 0.00000), (0.00000, 0.00000), (0.00000, 0.00000), (0.00000, 0.00000), (0.00000, 0.00000), (0.00000, 0.00000), (0.00000, 0.00000), (0.00000, 0.00000), (0.00000, 0.00000), (0.00000, 0.00000), (0.00000, 0.00000), (0.00000, 0.00000), (0.00000, 0.00000), (0.00000, 0.00000), (0.00000, 0.00000), (0.00000, 0.00000), (0.00000, 0.00000), (0.00000, 0.00000), (0.00000, 0.00000), (0.00000, 0.00000), (0.00000, 0.00000), (0.00000, 0.00000), (0.00000, 0.00000), (0.00000, 0.00000), (0.00000, 0.00000), (0.00000, 0.00000), (0.00000, 0.00000), (0.00000, 0.00000), (0.00000, 0.00000), (0.00000, 0.00000), (0.00000, 0.00000), (0.00000, 0.00000), (0.00000, 0.00000), (0.00000, 0.00000), (0.00000, 0.00000), (0.00000, 0.00000), (0.00000, 0.00000), (0.00000, 0.00000), (0.00000, 0.00000), (0.00000, 0.00000), (0.00000, 0.00000), (0.00000, 0.00000), (0.00000, 0.00000), (0.00000, 0.00000), (0.00000, 0.00000), (0.00000, 0.00000), (0.00000, 0.00000), (0.00000, 0.00000), (0.00000, 0.00000), (0.00000, 0.00000), (0.00000, 0.00000), (0.00000, 0.00000), (0.00000, 0.00000), (0.00000, 0.00000), (0.00000, 0.00000), (0.00000, 0.00000), (0.00000, 0.00000), (0.00000, 0.00000), (0.00000, 0.00000), (0.00000, 0.00000), (0.00000, 0.00000), (0.00000, 0.00000), (0.00000, 0.00000), (0.00000, 0.00000), (0.00000, 0.00000), (0.00000, 0.00000), (0.00000, 0.00000), (0.00000, 0.00000), (0.00000, 0.00000), (0.00000, 0.00000), (0.00000, 0.00000), (0.00000, 0.00000), (0.00000, 0.00000), (0.00000, 0.00000), (0.00000, 0.00000), (0.00000, 0.00000), (0.00000, 0.00000), (0.00000, 0.00000), (0.00000, 0.00000), (0.00000, 0.00000), (0.00000, 0.00000), (0.00000, 0.00000), (0.00000, 0.00000), (0.00000, 0.00000), (0.00000, 0.00000), (0.00000, 0.00000), (0.00000, 0.00000), (0.00000, 0.00000), (0.00000, 0.00000), (0.00000, 0.00000), (0.00000, 0.00000), (0.00000, 0.00000), (0.00000, 0.00000), (0.00000, 0.00000), (0.00000, 0.00000), (0.00000, 0.00000), (0.00000, 0.00000), (0.00000, 0.00000), (0.00000, 0.00000), (0.00000, 0.00000), (0.00000, 0.00000), (0.00000, 0.00000), (0.00000, 0.00000), (0.00000, 0.00000), (0.00000, 0.00000), (0.00000, 0.00000), (0.00000, 0.00000), (0.00000, 0.00000), (0.00000, 0.00000), (0.00000, 0.00000), (0.00000, 0.00000), (0.00000, 0.00000), (0.00000, 0.00000), (0.00000, 0.00000), (0.00000, 0.00000), (0.00000, 0.00000), (0.00000, 0.00000), (0.00000, 0.00000), (0.00000, 0.00000), (0.00000, 0.00000), (0.00000, 0.00000), (0.00000, 0.00000), (0.00000, 0.00000), (0.00000, 0.00000), (0.00000, 0.00000), (0.00000, 0.00000), (0.00000, 0.00000), (0.00000, 0.00000), (0.00000, 0.00000), (0.00000, 0.00000), (0.00000, 0.00000), (0.00000, 0.00000), (0.00000, 0.00000), (0.00000, 0.00000), (0.00000, 0.00000), (0.00000, 0.00000), (0.00000, 0.00000), (0.00000, 0.00000), (0.00000, 0.00000), (0.00000, 0.00000), (0.00000, 0.00000), (0.00000, 0.00000), (0.00000, 0.00000), (0.00000, 0.00000), (0.00000, 0.00000), (0.00000, 0.00000), (0.00000, 0.00000), (0.00000, 0.00000), (0.00000, 0.00000), (0.00000, 0.00000), (0.00000, 0.00000), (0.00000, 0.00000), (0.00000, 0.00000), (0.00000, 0.00000), (0.00000, 0.00000), (0.00000, 0.00000), (0.00000, 0.00000), (0.00000, 0.00000), (0.00000, 0.00000), (0.00000, 0.00000), (0.00000, 0.00000), (0.00000, 0.00000), (0.00000, 0.00000), (0.00000, 0.00000), (0.00000, 0.00000), (0.00000, 0.00000), (0.00000, 0.00000), (0.00000, 0.00000), (0.00000, 0.00000), (0.00000, 0.00000), (0.00000, 0.00000), (0.00000, 0.00000), (0.00000, 0.00000), (0.00000, 0.00000), (0.00000, 0.00000), (0.00000, 0.00000), (0.00000, 0.00000), (0.00000, 0.00000), (0.00000, 0.00000), (0.00000, 0.00000), (0.00000, 0.00000), (0.00000, 0.00000), (0.00000, 0.00000), (0.00000, 0.00000), (0.00000, 0.00000), (0.00000, 0.00000), (0.00000, 0.00000), (0.00000, 0.00000), (0.00000, 0.00000), (0.00000, 0.00000), (0.00000, 0.00000), (0.00000, 0.00000), (0.00000, 0.00000), (0.00000, 0.00000), (0.00000, 0.00000), (0.00000, 0.00000), (0.00000, 0.00000), (0.00000, 0.00000), (0.00000, 0.00000), (0.00000, 0.00000), (0.00000, 0.00000), (0.00000, 0.00000), (0.00000, 0.00000), (0.00000, 0.00000), (0.00000, 0.00000), (0.00000, 0.00000), (0.00000, 0.00000), (0.00000, 0.00000), (0.00000, 0.00000), (0.00000, 0.00000), (0.00000, 0.00000), (0.00000, 0.00000), (0.00000, 0.00000), (0.00000, 0.00000), (0.00000, 0.00000), (0.00000, 0.00000), (0.00000, 0.00000), (0.00000, 0.00000), (0.00000, 0.00000), (0.00000, 0.00000), (0.00000, 0.00000), (0.00000, 0.00000), (0.00000, 0.00000), (0.00000, 0.00000), (0.00000, 0.00000), (0.00000, 0.00000), (0.00000, 0.00000), (0.00000, 0.00000), (0.00000, 0.00000), (0.00000, 0.00000), (0.00000, 0.00000), (0.00000, 0.00000), (0.00000, 0.00000), (0.00000, 0.00000), (0.00000, 0.00000), (0.00000, 0.00000), (0.00000, 0.00000), (0.00000, 0.00000), (0.00000, 0.00000), (0.00000, 0.00000), (0.00000, 0.00000), (0.00000, 0.00000), (0.00000, 0.00000), (0.00000, 0.00000), (0.00000, 0.00000), (0.00000, 0.00000), (0.00000, 0.00000), (0.00000, 0.00000), (0.00000, 0.00000), (0.00000, 0.00000), (0.00000, 0.00000), (0.00000, 0.00000), (0.00000, 0.00000), (0.00000, 0.00000), (0.00000, 0.00000), (0.00000, 0.00000), (0.00000, 0.00000), (0.00000, 0.00000), (0.00000, 0.00000), (0.00000, 0.00000), (0.00000, 0.00000), (0.00000, 0.00000), (0.00000, 0.00000), (0.00000, 0.00000), (0.00000, 0.00000), (0.00000, 0.00000), (0.00000, 0.00000), (0.00000, 0.00000), (0.00000, 0.00000), (0.00000, 0.00000), (0.00000, 0.00000), (0.00000, 0.00000), (0.00000, 0.00000), (0.00000, 0.00000), (0.00000, 0.00000), (0.00000, 0.00000), (0.00000, 0.00000), (0.00000, 0.00000), (0.00000, 0.00000), (0.00000, 0.00000), (0.00000, 0.00000), (0.00000, 0.00000), (0.00000, 0.00000), (0.00000, 0.00000), (0.00000, 0.00000), (0.00000, 0.00000), (0.00000, 0.00000), (0.00000, 0.00000), (0.00000, 0.00000), (0.00000, 0.00000), (0.00000, 0.00000), (0.00000, 0.00000), (0.00000, 0.00000), (0.00000, 0.00000), (0.00000, 0.00000), (0.00000, 0.00000), (0.00000, 0.00000), (0.00000, 0.00000), (0.00000, 0.00000), (0.00000, 0.00000), (0.00000, 0.00000), (0.00000, 0.00000), (0.00000, 0.00000), (0.00000, 0.00000), (0.00000, 0.00000), (0.00000, 0.00000), (0.00000, 0.00000), (0.00000, 0.00000), (0.00000, 0.00000), (0.00000, 0.00000), (0.00000, 0.00000), (0.00000, 0.00000), (0.00000, 0.00000), (0.00000, 0.00000), (0.00000, 0.00000), (0.00000, 0.00000), (0.00000, 0.00000), (0.00000, 0.00000), (0.00000, 0.00000), (0.00000, 0.00000), (0.00000, 0.00000), (0.00000, 0.00000), (0.00000, 0.00000), (0.00000, 0.00000), (0.00000, 0.00000), (0.00000, 0.00000), (0.00000, 0.00000), (0.00000, 0.00000), (0.00000, 0.00000), (0.00000, 0.00000), (0.00000, 0.00000), (0.00000, 0.00000), (0.00000, 0.00000), (0.00000, 0.00000), (0.00000, 0.00000), (0.00000, 0.00000), (0.00000, 0.00000), (0.00000, 0.00000), (0.00000, 0.00000), (0.00000, 0.00000), (0.00000, 0.00000), (0.00000, 0.00000), (0.00000, 0.00000), (0.00000, 0.00000), (0.00000, 0.00000), (0.00000, 0.00000), (0.00000, 0.00000), (0.00000, 0.00000), (0.00000, 0.00000), (0.00000, 0.00000), (0.00000, 0.00000), (0.00000, 0.00000), (0.00000, 0.00000), (0.00000, 0.00000), (0.00000, 0.00000), (0.00000, 0.00000), (0.00000, 0.00000), (0.00000, 0.00000), (0.00000, 0.00000), (0.00000, 0.00000), (0.00000, 0.00000), (0.00000, 0.00000), (0.00000, 0.00000), (0.00000, 0.00000), (0.00000, 0.00000), (0.00000, 0.00000), (0.00000, 0.00000), (0.00000, 0.00000), (0.00000, 0.00000), (0.00000, 0.00000), (0.00000, 0.00000), (0.00000, 0.00000), (0.00000, 0.00000), (0.00000, 0.00000), (0.00000, 0.00000), (0.00000, 0.00000), (0.00000, 0.00000), (0.00000, 0.00000), (0.00000, 0.00000), (0.00000, 0.00000), (0.00000, 0.00000), (0.00000, 0.00000), (0.00000, 0.00000), (0.00000, 0.00000), (0.00000, 0.00000), (0.00000, 0.00000), (0.00000, 0.00000), (0.00000, 0.00000), (0.00000, 0.00000), (0.00000, 0.00000), (0.00000, 0.00000), (0.00000, 0.00000), (0.00000, 0.00000), (0.00000, 0.00000), (0.00000, 0.00000), (0.00000, 0.00000), (0.00000, 0.00000), (0.00000, 0.00000), (0.00000, 0.00000), (0.00000, 0.00000), (0.00000, 0.00000), (0.00000, 0.00000), (0.00000, 0.00000), (0.00000, 0.00000), (0.00000, 0.00000), (0.00000, 0.00000), (0.00000, 0.00000), (0.00000, 0.00000), (0.00000, 0.00000), (0.00000, 0.00000), (0.00000, 0.00000), (0.00000, 0.00000), (0.00000, 0.00000), (0.00000, 0.00000), (0.00000, 0.00000), (0.00000, 0.00000), (0.00000, 0.00000), (0.00000, 0.00000), (0.00000, 0.00000), (0.00000, 0.00000), (0.00000, 0.00000), (0.00000, 0.00000), (0.00000, 0.00000), (0.00000, 0.00000), (0.00000, 0.00000), (0.00000, 0.00000), (0.00000, 0.00000), (0.00000, 0.00000), (0.00000, 0.00000), (0.00000, 0.00000), (0.00000, 0.00000), (0.00000, 0.00000), (0.00000, 0.00000), (0.00000, 0.00000), (0.00000, 0.00000), (0.00000, 0.00000), (0.00000, 0.00000), (0.00000, 0.00000), (0.00000, 0.00000), (0.00000, 0.00000), (0.00000, 0.00000), (0.00000, 0.00000), (0.00000, 0.00000), (0.00000, 0.00000), (0.00000, 0.00000), (0.00000, 0.00000), (0.00000, 0.00000), (0.00000, 0.00000), (0.00000, 0.00000), (0.00000, 0.00000), (0.00000, 0.00000), (0.00000, 0.00000), (0.00000, 0.00000), (0.00000, 0.00000), (0.00000, 0.00000), (0.00000, 0.00000), (0.00000, 0.00000), (0.00000, 0.00000), (0.00000, 0.00000), (0.00000, 0.00000), (0.00000, 0.00000), (0.00000, 0.00000), (0.00000, 0.00000), (0.00000, 0.00000), (0.00000, 0.00000), (0.00000, 0.00000), (0.00000, 0.00000), (0.00000, 0.00000), (0.00000, 0.00000), (0.00000, 0.00000), (0.00000, 0.00000), (0.00000, 0.00000), (0.00000, 0.00000), (0.00000, 0.00000), (0.00000, 0.00000), (0.00000, 0.00000), (0.00000, 0.00000), (0.00000, 0.00000), (0.00000, 0.00000), (0.00000, 0.00000), (0.00000, 0.00000), (0.00000, 0.00000), (0.00000, 0.00000), (0.00000, 0.00000), (0.00000, 0.00000), (0.00000, 0.00000), (0.00000, 0.00000), (0.00000, 0.00000), (0.00000, 0.00000), (0.00000, 0.00000), (0.00000, 0.00000), (0.00000, 0.00000), (0.00000, 0.00000), (0.00000, 0.00000), (0.00000, 0.00000), (0.00000, 0.00000), (0.00000, 0.00000), (0.00000, 0.00000), (0.00000, 0.00000), (0.00000, 0.00000), (0.00000, 0.00000), (0.00000, 0.00000), (0.00000, 0.00000), (0.00000, 0.00000), (0.00000, 0.00000), (0.00000, 0.00000), (0.00000, 0.00000), (0.00000, 0.00000), (0.00000, 0.00000), (0.00000, 0.00000), (0.00000, 0.00000), (0.00000, 0.00000), (0.00000, 0.00000), (0.00000, 0.00000), (0.00000, 0.00000), (0.00000, 0.00000), (0.00000, 0.00000), (0.00000, 0.00000), (0.00000, 0.00000), (0.00000, 0.00000), (0.00000, 0.00000), (0.00000, 0.00000), (0.00000, 0.00000), (0.00000, 0.00000), (0.00000, 0.00000), (0.00000, 0.00000), (0.00000, 0.00000), (0.00000, 0.00000), (0.00000, 0.00000), (0.00000, 0.00000), (0.00000, 0.00000), (0.00000, 0.00000), (0.00000, 0.00000), (0.00000, 0.00000), (0.00000, 0.00000), (0.00000, 0.00000), (0.00000, 0.00000), (0.00000, 0.00000), (0.00000, 0.00000), (0.00000, 0.00000), (0.00000, 0.00000), (0.00000, 0.00000), (0.00000, 0.00000), (0.00000, 0.00000), (0.00000, 0.00000), (0.00000, 0.00000), (0.00000, 0.00000), (0.00000, 0.00000), (0.00000, 0.00000), (0.00000, 0.00000), (0.00000, 0.00000), (0.00000, 0.00000), (0.00000, 0.00000), (0.00000, 0.00000), (0.00000, 0.00000), (0.00000, 0.00000), (0.00000, 0.00000), (0.00000, 0.00000), (0.00000, 0.00000), (0.00000, 0.00000), (0.00000, 0.00000), (0.00000, 0.00000), (0.00000, 0.00000), (0.00000, 0.00000), (0.00000, 0.00000), (0.00000, 0.00000), (0.00000, 0.00000), (0.00000, 0.00000), (0.00000, 0.00000), (0.00000, 0.00000), (0.00000, 0.00000), (0.00000, 0.00000), (0.00000, 0.00000), (0.00000, 0.00000), (0.00000, 0.00000), (0.00000, 0.00000), (0.00000, 0.00000), (0.00000, 0.00000), (0.00000, 0.00000), (0.00000, 0.00000), (0.00000, 0.00000), (0.00000, 0.00000), (0.00000, 0.00000), (0.00000, 0.00000), (0.00000, 0.00000), (0.00000, 0.00000), (0.00000, 0.00000), (0.00000, 0.00000), (0.00000, 0.00000), (0.00000, 0.00000), (0.00000, 0.00000), (0.00000, 0.00000), (0.00000, 0.00000), (0.00000, 0.00000), (0.00000, 0.00000), (0.00000, 0.00000), (0.00000, 0.00000), (0.00000, 0.00000), (0.00000, 0.00000), (0.00000, 0.00000), (0.00000, 0.00000), (0.00000, 0.00000), (0.00000, 0.00000), (0.00000, 0.00000), (0.00000, 0.00000), (0.00000, 0.00000), (0.00000, 0.00000), (0.00000, 0.00000), (0.00000, 0.00000), (0.00000, 0.00000), (0.00000, 0.00000), (0.00000, 0.00000), (0.00000, 0.00000), (0.00000, 0.00000), (0.00000, 0.00000), (0.00000, 0.00000), (0.00000, 0.00000), (0.00000, 0.00000), (0.00000, 0.00000), (0.00000, 0.00000), (0.00000, 0.00000), (0.00000, 0.00000), (0.00000, 0.00000), (0.00000, 0.00000), (0.00000, 0.00000), (0.00000, 0.00000), (0.00000, 0.00000), (0.00000, 0.00000), (0.00000, 0.00000), (0.00000, 0.00000), (0.00000, 0.00000), (0.00000, 0.00000), (0.00000, 0.00000), (0.00000, 0.00000), (0.00000, 0.00000), (0.00000, 0.00000), (0.00000, 0.00000), (0.00000, 0.00000), (0.00000, 0.00000), (0.00000, 0.00000), (0.00000, 0.00000), (0.00000, 0.00000), (0.00000, 0.00000), (0.00000, 0.00000), (0.00000, 0.00000), (0.00000, 0.00000), (0.00000, 0.00000), (0.00000, 0.00000), (0.00000, 0.00000), (0.00000, 0.00000), (0.00000, 0.00000), (0.00000, 0.00000), (0.00000, 0.00000), (0.00000, 0.00000), (0.00000, 0.00000), (0.00000, 0.00000), (0.00000, 0.00000), (0.00000, 0.00000), (0.00000, 0.00000), (0.00000, 0.00000), (0.00000, 0.00000), (0.00000, 0.00000), (0.00000, 0.00000), (0.00000, 0.00000), (0.00000, 0.00000), (0.00000, 0.00000), (0.00000, 0.00000), (0.00000, 0.00000), (0.00000, 0.00000), (0.00000, 0.00000), (0.00000, 0.00000), (0.00000, 0.00000), (0.00000, 0.00000), (0.00000, 0.00000), (0.00000, 0.00000), (0.00000, 0.00000), (0.00000, 0.00000), (0.00000, 0.00000), (0.00000, 0.00000), (0.00000, 0.00000), (0.00000, 0.00000), (0.00000, 0.00000), (0.00000, 0.00000), (0.00000, 0.00000), (0.00000, 0.00000), (0.00000, 0.00000), (0.00000, 0.00000), (0.00000, 0.00000), (0.00000, 0.00000), (0.00000, 0.00000), (0.00000, 0.00000), (0.00000, 0.00000), (0.00000, 0.00000), (0.00000, 0.00000), (0.00000, 0.00000), (0.00000, 0.00000), (0.00000, 0.00000), (0.00000, 0.00000), (0.00000, 0.00000), (0.00000, 0.00000), (0.00000, 0.00000), (0.00000, 0.00000), (0.00000, 0.00000), (0.00000, 0.00000), (0.00000, 0.00000), (0.00000, 0.00000), (0.00000, 0.00000), (0.00000, 0.00000), (0.00000, 0.00000), (0.00000, 0.00000), (0.00000, 0.00000), (0.00000, 0.00000), (0.00000, 0.00000), (0.00000, 0.00000), (0.00000, 0.00000), (0.00000, 0.00000), (0.00000, 0.00000), (0.00000, 0.00000), (0.00000, 0.00000), (0.00000, 0.00000), (0.00000, 0.00000), (0.00000, 0.00000), (0.00000, 0.00000), (0.00000, 0.00000), (0.00000, 0.00000), (0.00000, 0.00000), (0.00000, 0.00000), (0.00000, 0.00000), (0.00000, 0.00000), (0.00000, 0.00000), (0.00000, 0.00000), (0.00000, 0.00000), (0.00000, 0.00000), (0.00000, 0.00000), (0.00000, 0.00000), (0.00000, 0.00000), (0.00000, 0.00000), (0.00000, 0.00000), (0.00000, 0.00000), (0.00000, 0.00000), (0.00000, 0.00000), (0.00000, 0.00000), (0.00000, 0.00000), (0.00000, 0.00000), (0.00000, 0.00000), (0.00000, 0.00000), (0.00000, 0.00000), (0.00000, 0.00000), (0.00000, 0.00000), (0.00000, 0.00000), (0.00000, 0.00000), (0.00000, 0.00000), (0.00000, 0.00000), (0.00000, 0.00000), (0.00000, 0.00000), (0.00000, 0.00000), (0.00000, 0.00000), (0.00000, 0.00000), (0.00000, 0.00000), (0.00000, 0.00000), (0.00000, 0.00000), (0.00000, 0.00000), (0.00000, 0.00000), (0.00000, 0.00000), (0.00000, 0.00000), (0.00000, 0.00000), (0.00000, 0.00000), (0.00000, 0.00000), (0.00000, 0.00000), (0.00000, 0.00000), (0.00000, 0.00000), (0.00000, 0.00000), (0.00000, 0.00000), (0.00000, 0.00000), (0.00000, 0.00000), (0.00000, 0.00000), (0.00000, 0.00000), (0.00000, 0.00000), (0.00000, 0.00000), (0.00000, 0.00000), (0.00000, 0.00000), (0.00000, 0.00000), (0.00000, 0.00000), (0.00000, 0.00000), (0.00000, 0.00000), (0.00000, 0.00000), (0.00000, 0.00000), (0.00000, 0.00000), (0.00000, 0.00000), (0.00000, 0.00000), (0.00000, 0.00000), (0.00000, 0.00000), (0.00000, 0.00000), (0.00000, 0.00000), (0.00000, 0.00000), (0.00000, 0.00000), (0.00000, 0.00000), (0.00000, 0.00000), (0.00000, 0.00000), (0.00000, 0.00000), (0.00000, 0.00000), (0.00000, 0.00000), (0.00000, 0.00000), (0.00000, 0.00000), (0.00000, 0.00000), (0.00000, 0.00000), (0.00000, 0.00000), (0.00000, 0.00000), (0.00000, 0.00000), (0.00000, 0.00000), (0.00000, 0.00000), (0.00000, 0.00000), (0.00000, 0.00000), (0.00000, 0.00000), (0.00000, 0.00000), (0.00000, 0.00000), (0.00000, 0.00000), (0.00000, 0.00000), (0.00000, 0.00000), (0.00000, 0.00000), (0.00000, 0.00000), (0.00000, 0.00000), (0.00000, 0.00000), (0.00000, 0.00000), (0.00000, 0.00000), (0.00000, 0.00000), (0.00000, 0.00000), (0.00000, 0.00000), (0.00000, 0.00000), (0.00000, 0.00000), (0.00000, 0.00000), (0.00000, 0.00000), (0.00000, 0.00000), (0.00000, 0.00000), (0.00000, 0.00000), (0.00000, 0.00000), (0.00000, 0.00000), (0.00000, 0.00000), (0.00000, 0.00000), (0.00000, 0.00000), (0.00000, 0.00000), (0.00000, 0.00000), (0.00000, 0.00000), (0.00000, 0.00000), (0.00000, 0.00000), (0.00000, 0.00000), (0.00000, 0.00000), (0.00000, 0.00000), (0.00000, 0.00000), (0.00000, 0.00000), (0.00000, 0.00000), (0.00000, 0.00000), (0.00000, 0.00000), (0.00000, 0.00000), (0.00000, 0.00000), (0.00000, 0.00000), (0.00000, 0.00000), (0.00000, 0.00000), (0.00000, 0.00000), (0.00000, 0.00000), (0.00000, 0.00000), (0.00000, 0.00000), (0.00000, 0.00000), (0.00000, 0.00000), (0.00000, 0.00000), (0.00000, 0.00000), (0.00000, 0.00000), (0.00000, 0.00000), (0.00000, 0.00000), (0.00000, 0.00000), (0.00000, 0.00000), (0.00000, 0.00000), (0.00000, 0.00000), (0.00000, 0.00000), (0.00000, 0.00000), (0.00000, 0.00000), (0.00000, 0.00000), (0.00000, 0.00000), (0.00000, 0.00000), (0.00000, 0.00000), (0.00000, 0.00000), (0.00000, 0.00000), (0.00000, 0.00000), (0.00000, 0.00000), (0.00000, 0.00000), (0.00000, 0.00000), (0.00000, 0.00000), (0.00000, 0.00000), (0.00000, 0.00000), (0.00000, 0.00000), (0.00000, 0.00000), (0.00000, 0.00000), (0.00000, 0.00000), (0.00000, 0.00000), (0.00000, 0.00000), (0.00000, 0.00000), (0.00000, 0.00000), (0.00000, 0.00000), (0.00000, 0.00000), (0.00000, 0.00000), (0.00000, 0.00000), (0.00000, 0.00000), (0.00000, 0.00000), (0.00000, 0.00000), (0.00000, 0.00000), (0.00000, 0.00000), (0.00000, 0.00000), (0.00000, 0.00000), (0.00000, 0.00000), (0.00000, 0.00000), (0.00000, 0.00000), (0.00000, 0.00000), (0.00000, 0.00000), (0.00000, 0.00000), (0.00000, 0.00000), (0.00000, 0.00000), (0.00000, 0.00000), (0.00000, 0.00000), (0.00000, 0.00000), (0.00000, 0.00000), (0.00000, 0.00000), (0.00000, 0.00000), (0.00000, 0.00000), (0.00000, 0.00000), (0.00000, 0.00000), (0.00000, 0.00000), (0.00000, 0.00000), (0.00000, 0.00000), (0.00000, 0.00000), (0.00000, 0.00000), (0.00000, 0.00000), (0.00000, 0.00000), (0.00000, 0.00000), (0.00000, 0.00000), (0.00000, 0.00000), (0.00000, 0.00000), (0.00000, 0.00000), (0.00000, 0.00000), (0.00000, 0.00000), (0.00000, 0.00000), (0.00000, 0.00000), (0.00000, 0.00000), (0.00000, 0.00000), (0.00000, 0.00000), (0.00000, 0.00000), (0.00000, 0.00000), (0.00000, 0.00000), (0.00000, 0.00000), (0.00000, 0.00000), (0.00000, 0.00000), (0.00000, 0.00000), (0.00000, 0.00000), (0.00000, 0.00000), (0.00000, 0.00000), (0.00000, 0.00000), (0.00000, 0.00000), (0.00000, 0.00000), (0.00000, 0.00000), (0.00000, 0.00000), (0.00000, 0.00000), (0.00000, 0.00000), (0.00000, 0.00000), (0.00000, 0.00000), (0.00000, 0.00000), (0.00000, 0.00000), (0.00000, 0.00000), (0.00000, 0.00000), (0.00000, 0.00000), (0.00000, 0.00000), (0.00000, 0.00000), (0.00000, 0.00000), (0.00000, 0.00000), (0.00000, 0.00000), (0.00000, 0.00000), (0.00000, 0.00000), (0.00000, 0.00000), (0.00000, 0.00000), (0.00000, 0.00000), (0.00000, 0.00000), (0.00000, 0.00000), (0.00000, 0.00000), (0.00000, 0.00000), (0.00000, 0.00000), (0.00000, 0.00000), (0.00000, 0.00000), (0.00000, 0.00000), (0.00000, 0.00000), (0.00000, 0.00000), (0.00000, 0.00000), (0.00000, 0.00000), (0.00000, 0.00000), (0.00000, 0.00000), (0.00000, 0.00000), (0.00000, 0.00000), (0.00000, 0.00000), (0.00000, 0.00000), (0.00000, 0.00000), (0.00000, 0.00000), (0.00000, 0.00000), (0.00000, 0.00000), (0.00000, 0.00000), (0.00000, 0.00000), (0.00000, 0.00000), (0.00000, 0.00000), (0.00000, 0.00000), (0.00000, 0.00000), (0.00000, 0.00000), (0.00000, 0.00000), (0.00000, 0.00000), (0.00000, 0.00000), (0.00000, 0.00000), (0.00000, 0.00000), (0.00000, 0.00000), (0.00000, 0.00000), (0.00000, 0.00000), (0.00000, 0.00000), (0.00000, 0.00000), (0.00000, 0.00000), (0.00000, 0.00000), (0.00000, 0.00000), (0.00000, 0.00000), (0.00000, 0.00000), (0.00000, 0.00000), (0.00000, 0.00000), (0.00000, 0.00000), (0.00000, 0.00000), (0.00000, 0.00000), (0.00000, 0.00000), (0.00000, 0.00000), (0.00000, 0.00000), (0.00000, 0.00000), (0.00000, 0.00000), (0.00000, 0.00000), (0.00000, 0.00000), (0.00000, 0.00000), (0.00000, 0.00000), (0.00000, 0.00000), (0.00000, 0.00000), (0.00000, 0.00000), (0.00000, 0.00000), (0.00000, 0.00000), (0.00000, 0.00000), (0.00000, 0.00000), (0.00000, 0.00000), (0.00000, 0.00000), (0.00000, 0.00000), (0.00000, 0.00000), (0.00000, 0.00000), (0.00000, 0.00000), (0.00000, 0.00000), (0.00000, 0.00000), (0.00000, 0.00000), (0.00000, 0.00000), (0.00000, 0.00000), (0.00000, 0.00000), (0.00000, 0.00000), (0.00000, 0.00000), (0.00000, 0.00000), (0.00000, 0.00000), (0.00000, 0.00000), (0.00000, 0.00000), (0.00000, 0.00000), (0.00000, 0.00000), (0.00000, 0.00000), (0.00000, 0.00000), (0.00000, 0.00000), (0.00000, 0.00000), (0.00000, 0.00000), (0.00000, 0.00000), (0.00000, 0.00000), (0.00000, 0.00000), (0.00000, 0.00000), (0.00000, 0.00000), (0.00000, 0.00000), (0.00000, 0.00000), (0.00000, 0.00000), (0.00000, 0.00000), (0.00000, 0.00000), (0.00000, 0.00000), (0.00000, 0.00000), (0.00000, 0.00000), (0.00000, 0.00000), (0.00000, 0.00000), (0.00000, 0.00000), (0.00000, 0.00000), (0.00000, 0.00000), (0.00000, 0.00000), (0.00000, 0.00000), (0.00000, 0.00000), (0.00000, 0.00000), (0.00000, 0.00000), (0.00000, 0.00000), (0.00000, 0.00000), (0.00000, 0.00000), (0.00000, 0.00000), (0.00000, 0.00000), (0.00000, 0.00000), (0.00000, 0.00000), (0.00000, 0.00000), (0.00000, 0.00000), (0.00000, 0.00000), (0.00000, 0.00000), (0.00000, 0.00000), (0.00000, 0.00000), (0.00000, 0.00000), (0.00000, 0.00000), (0.00000, 0.00000), (0.00000, 0.00000), (0.00000, 0.00000), (0.00000, 0.00000), (0.00000, 0.00000), (0.00000, 0.00000), (0.00000, 0.00000), (0.00000, 0.00000), (0.00000, 0.00000), (0.00000, 0.00000), (0.00000, 0.00000), (0.00000, 0.00000), (0.00000, 0.00000), (0.00000, 0.00000), (0.00000, 0.00000), (0.00000, 0.00000), (0.00000, 0.00000), (0.00000, 0.00000), (0.00000, 0.00000), (0.00000, 0.00000), (0.00000, 0.00000), (0.00000, 0.00000), (0.00000, 0.00000), (0.00000, 0.00000), (0.00000, 0.00000), (0.00000, 0.00000), (0.00000, 0.00000), (0.00000, 0.00000), (0.00000, 0.00000), (0.00000, 0.00000), (0.00000, 0.00000), (0.00000, 0.00000), (0.00000, 0.00000), (0.00000, 0.00000), (0.00000, 0.00000), (0.00000, 0.00000), (0.00000, 0.00000), (0.00000, 0.00000), (0.00000, 0.00000), (0.00000, 0.00000), (0.00000, 0.00000), (0.00000, 0.00000), (0.00000, 0.00000), (0.00000, 0.00000), (0.00000, 0.00000), (0.00000, 0.00000), (0.00000, 0.00000), (0.00000, 0.00000), (0.00000, 0.00000), (0.00000, 0.00000), (0.00000, 0.00000), (0.00000, 0.00000), (0.00000, 0.00000), (0.00000, 0.00000), (0.00000, 0.00000), (0.00000, 0.00000), (0.00000, 0.00000), (0.00000, 0.00000), (0.00000, 0.00000), (0.00000, 0.00000), (0.00000, 0.00000), (0.00000, 0.00000), (0.00000, 0.00000), (0.00000, 0.00000), (0.00000, 0.00000), (0.00000, 0.00000), (0.00000, 0.00000), (0.00000, 0.00000), (0.00000, 0.00000), (0.00000, 0.00000), (0.00000, 0.00000), (0.00000, 0.00000), (0.00000, 0.00000), (0.00000, 0.00000), (0.00000, 0.00000), (0.00000, 0.00000), (0.00000, 0.00000), (0.00000, 0.00000), (0.00000, 0.00000), (0.00000, 0.00000), (0.00000, 0.00000), (0.00000, 0.00000), (0.00000, 0.00000), (0.00000, 0.00000), (0.00000, 0.00000), (0.00000, 0.00000), (0.00000, 0.00000), (0.00000, 0.00000), (0.00000, 0.00000), (0.00000, 0.00000), (0.00000, 0.00000), (0.00000, 0.00000), (0.00000, 0.00000), (0.00000, 0.00000), (0.00000, 0.00000), (0.00000, 0.00000), (0.00000, 0.00000), (0.00000, 0.00000), (0.00000, 0.00000), (0.00000, 0.00000), (0.00000, 0.00000), (0.00000, 0.00000), (0.00000, 0.00000), (0.00000, 0.00000), (0.00000, 0.00000), (0.00000, 0.00000), (0.00000, 0.00000), (0.00000, 0.00000), (0.00000, 0.00000), (0.00000, 0.00000), (0.00000, 0.00000), (0.00000, 0.00000), (0.00000, 0.00000), (0.00000, 0.00000), (0.00000, 0.00000), (0.00000, 0.00000), (0.00000, 0.00000), (0.00000, 0.00000), (0.00000, 0.00000), (0.00000, 0.00000), (0.00000, 0.00000), (0.00000, 0.00000), (0.00000, 0.00000), (0.00000, 0.00000), (0.00000, 0.00000), (0.00000, 0.00000), (0.00000, 0.00000), (0.00000, 0.00000), (0.00000, 0.00000), (0.00000, 0.00000), (0.00000, 0.00000), (0.00000, 0.00000), (0.00000, 0.00000), (0.00000, 0.00000), (0.00000, 0.00000), (0.00000, 0.00000), (0.00000, 0.00000), (0.00000, 0.00000), (0.00000, 0.00000), (0.00000, 0.00000), (0.00000, 0.00000), (0.00000, 0.00000), (0.00000, 0.00000), (0.00000, 0.00000), (0.00000, 0.00000), (0.00000, 0.00000), (0.00000, 0.00000), (0.00000, 0.00000), (0.00000, 0.00000), (0.00000, 0.00000), (0.00000, 0.00000), (0.00000, 0.00000), (0.00000, 0.00000), (0.00000, 0.00000), (0.00000, 0.00000), (0.00000, 0.00000), (0.00000, 0.00000), (0.00000, 0.00000), (0.00000, 0.00000), (0.00000, 0.00000), (0.00000, 0.00000), (0.00000, 0.00000), (0.00000, 0.00000), (0.00000, 0.00000), (0.00000, 0.00000), (0.00000, 0.00000), (0.00000, 0.00000), (0.00000, 0.00000), (0.00000, 0.00000), (0.00000, 0.00000), (0.00000, 0.00000), (0.00000, 0.00000), (0.00000, 0.00000), (0.00000, 0.00000), (0.00000, 0.00000), (0.00000, 0.00000), (0.00000, 0.00000), (0.00000, 0.00000), (0.00000, 0.00000), (0.00000, 0.00000), (0.00000, 0.00000), (0.00000, 0.00000), (0.00000, 0.00000), (0.00000, 0.00000), (0.00000, 0.00000), (0.00000, 0.00000), (0.00000, 0.00000), (0.00000, 0.00000), (0.00000, 0.00000), (0.00000, 0.00000), (0.00000, 0.00000), (0.00000, 0.00000), (0.00000, 0.00000), (0.00000, 0.00000), (0.00000, 0.00000), (0.00000, 0.00000), (0.00000, 0.00000), (0.00000, 0.00000), (0.00000, 0.00000), (0.00000, 0.00000), (0.00000, 0.00000), (0.00000, 0.00000), (0.00000, 0.00000), (0.00000, 0.00000), (0.00000, 0.00000), (0.00000, 0.00000), (0.00000, 0.00000), (0.00000, 0.00000), (0.00000, 0.00000), (0.00000, 0.00000), (0.00000, 0.00000), (0.00000, 0.00000), (0.00000, 0.00000), (0.00000, 0.00000), (0.00000, 0.00000), (0.00000, 0.00000), (0.00000, 0.00000), (0.00000, 0.00000), (0.00000, 0.00000), (0.00000, 0.00000), (0.00000, 0.00000), (0.00000, 0.00000), (0.00000, 0.00000), (0.00000, 0.00000), (0.00000, 0.00000), (0.00000, 0.00000), (0.00000, 0.00000), (0.00000, 0.00000), (0.00000, 0.00000), (0.00000, 0.00000), (0.00000, 0.00000), (0.00000, 0.00000), (0.00000, 0.00000), (0.00000, 0.00000), (0.00000, 0.00000), (0.00000, 0.00000), (0.00000, 0.00000), (0.00000, 0.00000), (0.00000, 0.00000), (0.00000, 0.00000), (0.00000, 0.00000), (0.00000, 0.00000), (0.00000, 0.00000), (0.00000, 0.00000), (0.00000, 0.00000), (0.00000, 0.00000), (0.00000, 0.00000), (0.00000, 0.00000), (0.00000, 0.00000), (0.00000, 0.00000), (0.00000, 0.00000), (0.00000, 0.00000), (0.00000, 0.00000), (0.00000, 0.00000), (0.00000, 0.00000), (0.00000, 0.00000), (0.00000, 0.00000), (0.00000, 0.00000), (0.00000, 0.00000), (0.00000, 0.00000), (0.00000, 0.00000), (0.00000, 0.00000), (0.00000, 0.00000), (0.00000, 0.00000), (0.00000, 0.00000), (0.00000, 0.00000), (0.00000, 0.00000), (0.00000, 0.00000), (0.00000, 0.00000), (0.00000, 0.00000), (0.00000, 0.00000), (0.00000, 0.00000), (0.00000, 0.00000), (0.00000, 0.00000), (0.00000, 0.00000), (0.00000, 0.00000), (0.00000, 0.00000), (0.00000, 0.00000), (0.00000, 0.00000), (0.00000, 0.00000), (0.00000, 0.00000), (0.00000, 0.00000), (0.00000, 0.00000), (0.00000, 0.00000), (0.00000, 0.00000), (0.00000, 0.00000), (0.00000, 0.00000), (0.00000, 0.00000), (0.00000, 0.00000), (0.00000, 0.00000), (0.00000, 0.00000), (0.00000, 0.00000), (0.00000, 0.00000), (0.00000, 0.00000), (0.00000, 0.00000), (0.00000, 0.00000), (0.00000, 0.00000), (0.00000, 0.00000), (0.00000, 0.00000), (0.00000, 0.00000), (0.00000, 0.00000), (0.00000, 0.00000), (0.00000, 0.00000), (0.00000, 0.00000), (0.00000, 0.00000), (0.00000, 0.00000), (0.00000, 0.00000), (0.00000, 0.00000), (0.00000, 0.00000), (0.00000, 0.00000), (0.00000, 0.00000), (0.00000, 0.00000), (0.00000, 0.00000), (0.00000, 0.00000), (0.00000, 0.00000), (0.00000, 0.00000), (0.00000, 0.00000), (0.00000, 0.00000), (0.00000, 0.00000), (0.00000, 0.00000), (0.00000, 0.00000), (0.00000, 0.00000), (0.00000, 0.00000), (0.00000, 0.00000), (0.00000, 0.00000), (0.00000, 0.00000), (0.00000, 0.00000), (0.00000, 0.00000), (0.00000, 0.00000), (0.00000, 0.00000), (0.00000, 0.00000), (0.00000, 0.00000), (0.00000, 0.00000), (0.00000, 0.00000), (0.00000, 0.00000), (0.00000, 0.00000), (0.00000, 0.00000), (0.00000, 0.00000), (0.00000, 0.00000), (0.00000, 0.00000), (0.00000, 0.00000), (0.00000, 0.00000), (0.00000, 0.00000), (0.00000, 0.00000), (0.00000, 0.00000), (0.00000, 0.00000), (0.00000, 0.00000), (0.00000, 0.00000), (0.00000, 0.00000), (0.00000, 0.00000), (0.00000, 0.00000), (0.00000, 0.00000), (0.00000, 0.00000), (0.00000, 0.00000), (0.00000, 0.00000), (0.00000, 0.00000), (0.00000, 0.00000), (0.00000, 0.00000), (0.00000, 0.00000), (0.00000, 0.00000), (0.00000, 0.00000), (0.00000, 0.00000), (0.00000, 0.00000), (0.00000, 0.00000), (0.00000, 0.00000), (0.00000, 0.00000), (0.00000, 0.00000), (0.00000, 0.00000), (0.00000, 0.00000), (0.00000, 0.00000), (0.00000, 0.00000), (0.00000, 0.00000), (0.00000, 0.00000), (0.00000, 0.00000), (0.00000, 0.00000), (0.00000, 0.00000), (0.00000, 0.00000), (0.00000, 0.00000), (0.00000, 0.00000), (0.00000, 0.00000), (0.00000, 0.00000), (0.00000, 0.00000), (0.00000, 0.00000), (0.00000, 0.00000), (0.00000, 0.00000), (0.00000, 0.00000), (0.00000, 0.00000), (0.00000, 0.00000), (0.00000, 0.00000), (0.00000, 0.00000), (0.00000, 0.00000), (0.00000, 0.00000), (0.00000, 0.00000), (0.00000, 0.00000), (0.00000, 0.00000), (0.00000, 0.00000), (0.00000, 0.00000), (0.00000, 0.00000), (0.00000, 0.00000), (0.00000, 0.00000), (0.00000, 0.00000), (0.00000, 0.00000), (0.00000, 0.00000), (0.00000, 0.00000), (0.00000, 0.00000), (0.00000, 0.00000), (0.00000, 0.00000), (0.00000, 0.00000), (0.00000, 0.00000), (0.00000, 0.00000), (0.00000, 0.00000), (0.00000, 0.00000), (0.00000, 0.00000), (0.00000, 0.00000), (0.00000, 0.00000), (0.00000, 0.00000), (0.00000, 0.00000), (0.00000, 0.00000), (0.00000, 0.00000), (0.00000, 0.00000), (0.00000, 0.00000), (0.00000, 0.00000), (0.00000, 0.00000), (0.00000, 0.00000), (0.00000, 0.00000), (0.00000, 0.00000), (0.00000, 0.00000), (0.00000, 0.00000), (0.00000, 0.00000), (0.00000, 0.00000), (0.00000, 0.00000), (0.00000, 0.00000), (0.00000, 0.00000), (0.00000, 0.00000), (0.00000, 0.00000), (0.00000, 0.00000), (0.00000, 0.00000), (0.00000, 0.00000), (0.00000, 0.00000), (0.00000, 0.00000), (0.00000, 0.00000), (0.00000, 0.00000), (0.00000, 0.00000), (0.00000, 0.00000), (0.00000, 0.00000), (0.00000, 0.00000), (0.00000, 0.00000), (0.00000, 0.00000), (0.00000, 0.00000), (0.00000, 0.00000), (0.00000, 0.00000), (0.00000, 0.00000), (0.00000, 0.00000), (0.00000, 0.00000), (0.00000, 0.00000), (0.00000, 0.00000), (0.00000, 0.00000), (0.00000, 0.00000), (0.00000, 0.00000), (0.00000, 0.00000), (0.00000, 0.00000), (0.00000, 0.00000), (0.00000, 0.00000), (0.00000, 0.00000), (0.00000, 0.00000), (0.00000, 0.00000), (0.00000, 0.00000), (0.00000, 0.00000), (0.00000, 0.00000), (0.00000, 0.00000), (0.00000, 0.00000), (0.00000, 0.00000), (0.00000, 0.00000), (0.00000, 0.00000), (0.00000, 0.00000), (0.00000, 0.00000), (0.00000, 0.00000), (0.00000, 0.00000), (0.00000, 0.00000), (0.00000, 0.00000), (0.00000, 0.00000), (0.00000, 0.00000), (0.00000, 0.00000), (0.00000, 0.00000), (0.00000, 0.00000), (0.00000, 0.00000), (0.00000, 0.00000), (0.00000, 0.00000), (0.00000, 0.00000), (0.00000, 0.00000), (0.00000, 0.00000), (0.00000, 0.00000), (0.00000, 0.00000), (0.00000, 0.00000), (0.00000, 0.00000), (0.00000, 0.00000), (0.00000, 0.00000), (0.00000, 0.00000), (0.00000, 0.00000), (0.00000, 0.00000), (0.00000, 0.00000), (0.00000, 0.00000), (0.00000, 0.00000), (0.00000, 0.00000), (0.00000, 0.00000), (0.00000, 0.00000), (0.00000, 0.00000), (0.00000, 0.00000), (0.00000, 0.00000), (0.00000, 0.00000), (0.00000, 0.00000), (0.00000, 0.00000), (0.00000, 0.00000), (0.00000, 0.00000), (0.00000, 0.00000), (0.00000, 0.00000), (0.00000, 0.00000), (0.00000, 0.00000), (0.00000, 0.00000), (0.00000, 0.00000), (0.00000, 0.00000), (0.00000, 0.00000), (0.00000, 0.00000), (0.00000, 0.00000), (0.00000, 0.00000), (0.00000, 0.00000), (0.00000, 0.00000), (0.00000, 0.00000), (0.00000, 0.00000), (0.00000, 0.00000), (0.00000, 0.00000), (0.00000, 0.00000), (0.00000, 0.00000), (0.00000, 0.00000), (0.00000, 0.00000), (0.00000, 0.00000), (0.00000, 0.00000), (0.00000, 0.00000), (0.00000, 0.00000), (0.00000, 0.00000), (0.00000, 0.00000), (0.00000, 0.00000), (0.00000, 0.00000), (0.00000, 0.00000), (0.00000, 0.00000), (0.00000, 0.00000), (0.00000, 0.00000), (0.00000, 0.00000), (0.00000, 0.00000), (0.00000, 0.00000), (0.00000, 0.00000), (0.00000, 0.00000), (0.00000, 0.00000), (0.00000, 0.00000), (0.00000, 0.00000), (0.00000, 0.00000), (0.00000, 0.00000), (0.00000, 0.00000), (0.00000, 0.00000), (0.00000, 0.00000), (0.00000, 0.00000), (0.00000, 0.00000), (0.00000, 0.00000), (0.00000, 0.00000), (0.00000, 0.00000), (0.00000, 0.00000), (0.00000, 0.00000), (0.00000, 0.00000), (0.00000, 0.00000), (0.00000, 0.00000), (0.00000, 0.00000), (0.00000, 0.00000), (0.00000, 0.00000), (0.00000, 0.00000), (0.00000, 0.00000), (0.00000, 0.00000), (0.00000, 0.00000), (0.00000, 0.00000), (0.00000, 0.00000), (0.00000, 0.00000), (0.00000, 0.00000), (0.00000, 0.00000), (0.00000, 0.00000), (0.00000, 0.00000), (0.00000, 0.00000), (0.00000, 0.00000), (0.00000, 0.00000), (0.00000, 0.00000), (0.00000, 0.00000), (0.00000, 0.00000), (0.00000, 0.00000), (0.00000, 0.00000), (0.00000, 0.00000), (0.00000, 0.00000), (0.00000, 0.00000), (0.00000, 0.00000), (0.00000, 0.00000), (0.00000, 0.00000), (0.00000, 0.00000), (0.00000, 0.00000), (0.00000, 0.00000), (0.00000, 0.00000), (0.00000, 0.00000), (0.00000, 0.00000), (0.00000, 0.00000), (0.00000, 0.00000), (0.00000, 0.00000), (0.00000, 0.00000), (0.00000, 0.00000), (0.00000, 0.00000), (0.00000, 0.00000), (0.00000, 0.00000), (0.00000, 0.00000), (0.00000, 0.00000), (0.00000, 0.00000), (0.00000, 0.00000), (0.00000, 0.00000), (0.00000, 0.00000), (0.00000, 0.00000), (0.00000, 0.00000), (0.00000, 0.00000), (0.00000, 0.00000), (0.00000, 0.00000), (0.00000, 0.00000), (0.00000, 0.00000), (0.00000, 0.00000), (0.00000, 0.00000), (0.00000, 0.00000), (0.00000, 0.00000), (0.00000, 0.00000), (0.00000, 0.00000), (0.00000, 0.00000), (0.00000, 0.00000), (0.00000, 0.00000), (0.00000, 0.00000), (0.00000, 0.00000), (0.00000, 0.00000), (0.00000, 0.00000), (0.00000, 0.00000), (0.00000, 0.00000), (0.00000, 0.00000), (0.00000, 0.00000), (0.00000, 0.00000), (0.00000, 0.00000), (0.00000, 0.00000), (0.00000, 0.00000), (0.00000, 0.00000), (0.00000, 0.00000), (0.00000, 0.00000), (0.00000, 0.00000), (0.00000, 0.00000), (0.00000, 0.00000), (0.00000, 0.00000), (0.00000, 0.00000), (0.00000, 0.00000), (0.00000, 0.00000), (0.00000, 0.00000), (0.00000, 0.00000), (0.00000, 0.00000), (0.00000, 0.00000), (0.00000, 0.00000), (0.00000, 0.00000), (0.00000, 0.00000), (0.00000, 0.00000), (0.00000, 0.00000), (0.00000, 0.00000), (0.00000, 0.00000), (0.00000, 0.00000), (0.00000, 0.00000), (0.00000, 0.00000), (0.00000, 0.00000), (0.00000, 0.00000), (0.00000, 0.00000), (0.00000, 0.00000), (0.00000, 0.00000), (0.00000, 0.00000), (0.00000, 0.00000), (0.00000, 0.00000), (0.00000, 0.00000), (0.00000, 0.00000), (0.00000, 0.00000), (0.00000, 0.00000), (0.00000, 0.00000), (0.00000, 0.00000), (0.00000, 0.00000), (0.00000, 0.00000), (0.00000, 0.00000), (0.00000, 0.00000), (0.00000, 0.00000), (0.00000, 0.00000), (0.00000, 0.00000), (0.00000, 0.00000), (0.00000, 0.00000), (0.00000, 0.00000), (0.00000, 0.00000), (0.00000, 0.00000), (0.00000, 0.00000), (0.00000, 0.00000), (0.00000, 0.00000), (0.00000, 0.00000), (0.00000, 0.00000), (0.00000, 0.00000), (0.00000, 0.00000), (0.00000, 0.00000), (0.00000, 0.00000), (0.00000, 0.00000), (0.00000, 0.00000), (0.00000, 0.00000), (0.00000, 0.00000), (0.00000, 0.00000), (0.00000, 0.00000), (0.00000, 0.00000), (0.00000, 0.00000), (0.00000, 0.00000), (0.00000, 0.00000), (0.00000, 0.00000), (0.00000, 0.00000), (0.00000, 0.00000), (0.00000, 0.00000), (0.00000, 0.00000), (0.00000, 0.00000), (0.00000, 0.00000), (0.00000, 0.00000), (0.00000, 0.00000), (0.00000, 0.00000), (0.00000, 0.00000), (0.00000, 0.00000), (0.00000, 0.00000), (0.00000, 0.00000), (0.00000, 0.00000), (0.00000, 0.00000), (0.00000, 0.00000), (0.00000, 0.00000), (0.00000, 0.00000), (0.00000, 0.00000), (0.00000, 0.00000), (0.00000, 0.00000), (0.00000, 0.00000), (0.00000, 0.00000), (0.00000, 0.00000), (0.00000, 0.00000), (0.00000, 0.00000), (0.00000, 0.00000), (0.00000, 0.00000), (0.00000, 0.00000), (0.00000, 0.00000), (0.00000, 0.00000), (0.00000, 0.00000), (0.00000, 0.00000), (0.00000, 0.00000), (0.00000, 0.00000), (0.00000, 0.00000), (0.00000, 0.00000), (0.00000, 0.00000), (0.00000, 0.00000), (0.00000, 0.00000), (0.00000, 0.00000), (0.00000, 0.00000), (0.00000, 0.00000), (0.00000, 0.00000), (0.00000, 0.00000), (0.00000, 0.00000), (0.00000, 0.00000), (0.00000, 0.00000), (0.00000, 0.00000), (0.00000, 0.00000), (0.00000, 0.00000), (0.00000, 0.00000), (0.00000, 0.00000), (0.00000, 0.00000), (0.00000, 0.00000), (0.00000, 0.00000), (0.00000, 0.00000), (0.00000, 0.00000), (0.00000, 0.00000), (0.00000, 0.00000), (0.00000, 0.00000), (0.00000, 0.00000), (0.00000, 0.00000), (0.00000, 0.00000), (0.00000, 0.00000), (0.00000, 0.00000), (0.00000, 0.00000), (0.00000, 0.00000), (0.00000, 0.00000), (0.00000, 0.00000), (0.00000, 0.00000), (0.00000, 0.00000), (0.00000, 0.00000), (0.00000, 0.00000), (0.00000, 0.00000), (0.00000, 0.00000), (0.00000, 0.00000), (0.00000, 0.00000), (0.00000, 0.00000), (0.00000, 0.00000), (0.00000, 0.00000), (0.00000, 0.00000), (0.00000, 0.00000), (0.00000, 0.00000), (0.00000, 0.00000), (0.00000, 0.00000), (0.00000, 0.00000), (0.00000, 0.00000), (0.00000, 0.00000), (0.00000, 0.00000), (0.00000, 0.00000), (0.00000, 0.00000), (0.00000, 0.00000), (0.00000, 0.00000), (0.00000, 0.00000), (0.00000, 0.00000), (0.00000, 0.00000), (0.00000, 0.00000), (0.00000, 0.00000), (0.00000, 0.00000), (0.00000, 0.00000), (0.00000, 0.00000), (0.00000, 0.00000), (0.00000, 0.00000), (0.00000, 0.00000), (0.00000, 0.00000), (0.00000, 0.00000), (0.00000, 0.00000), (0.00000, 0.00000), (0.00000, 0.00000), (0.00000, 0.00000), (0.00000, 0.00000), (0.00000, 0.00000), (0.00000, 0.00000), (0.00000, 0.00000), (0.00000, 0.00000), (0.00000, 0.00000), (0.00000, 0.00000), (0.00000, 0.00000), (0.00000, 0.00000), (0.00000, 0.00000), (0.00000, 0.00000), (0.00000, 0.00000), (0.00000, 0.00000), (0.00000, 0.00000), (0.00000, 0.00000), (0.00000, 0.00000), (0.00000, 0.00000), (0.00000, 0.00000), (0.00000, 0.00000), (0.00000, 0.00000), (0.00000, 0.00000), (0.00000, 0.00000), (0.00000, 0.00000), (0.00000, 0.00000), (0.00000, 0.00000), (0.00000, 0.00000), (0.00000, 0.00000), (0.00000, 0.00000), (0.00000, 0.00000), (0.00000, 0.00000), (0.00000, 0.00000), (0.00000, 0.00000), (0.00000, 0.00000), (0.00000, 0.00000), (0.00000, 0.00000), (0.00000, 0.00000), (0.00000, 0.00000), (0.00000, 0.00000), (0.00000, 0.00000), (0.00000, 0.00000), (0.00000, 0.00000), (0.00000, 0.00000), (0.00000, 0.00000), (0.00000, 0.00000), (0.00000, 0.00000), (0.00000, 0.00000), (0.00000, 0.00000), (0.00000, 0.00000), (0.00000, 0.00000), (0.00000, 0.00000), (0.00000, 0.00000), (0.00000, 0.00000), (0.00000, 0.00000), (0.00000, 0.00000), (0.00000, 0.00000), (0.00000, 0.00000), (0.00000, 0.00000), (0.00000, 0.00000), (0.00000, 0.00000), (0.00000, 0.00000), (0.00000, 0.00000), (0.00000, 0.00000), (0.00000, 0.00000), (0.00000, 0.00000), (0.00000, 0.00000), (0.00000, 0.00000), (0.00000, 0.00000), (0.00000, 0.00000), (0.00000, 0.00000), (0.00000, 0.00000), (0.00000, 0.00000), (0.00000, 0.00000), (0.00000, 0.00000), (0.00000, 0.00000), (0.00000, 0.00000), (0.00000, 0.00000), (0.00000, 0.00000), (0.00000, 0.00000), (0.00000, 0.00000), (0.00000, 0.00000), (0.00000, 0.00000), (0.00000, 0.00000), (0.00000, 0.00000), (0.00000, 0.00000), (0.00000, 0.00000), (0.00000, 0.00000), (0.00000, 0.00000), (0.00000, 0.00000), (0.00000, 0.00000), (0.00000, 0.00000), (0.00000, 0.00000), (0.00000, 0.00000), (0.00000, 0.00000), (0.00000, 0.00000), (0.00000, 0.00000), (0.00000, 0.00000), (0.00000, 0.00000), (0.00000, 0.00000), (0.00000, 0.00000), (0.00000, 0.00000), (0.00000, 0.00000), (0.00000, 0.00000), (0.00000, 0.00000), (0.00000, 0.00000), (0.00000, 0.00000), (0.00000, 0.00000), (0.00000, 0.00000), (0.00000, 0.00000), (0.00000, 0.00000), (0.00000, 0.00000), (0.00000, 0.00000), (0.00000, 0.00000), (0.00000, 0.00000), (0.00000, 0.00000), (0.00000, 0.00000), (0.00000, 0.00000), (0.00000, 0.00000), (0.00000, 0.00000), (0.00000, 0.00000), (0.00000, 0.00000), (0.00000, 0.00000), (0.00000, 0.00000), (0.00000, 0.00000), (0.00000, 0.00000), (0.00000, 0.00000), (0.00000, 0.00000), (0.00000, 0.00000), (0.00000, 0.00000), (0.00000, 0.00000), (0.00000, 0.00000), (0.00000, 0.00000), (0.00000, 0.00000), (0.00000, 0.00000), (0.00000, 0.00000), (0.00000, 0.00000), (0.00000, 0.00000), (0.00000, 0.00000), (0.00000, 0.00000), (0.00000, 0.00000), (0.00000, 0.00000), (0.00000, 0.00000), (0.00000, 0.00000), (0.00000, 0.00000), (0.00000, 0.00000), (0.00000, 0.00000), (0.00000, 0.00000), (0.00000, 0.00000), (0.00000, 0.00000), (0.00000, 0.00000), (0.00000, 0.00000), (0.00000, 0.00000), (0.00000, 0.00000), (0.00000, 0.00000), (0.00000, 0.00000), (0.00000, 0.00000), (0.00000, 0.00000), (0.00000, 0.00000), (0.00000, 0.00000), (0.00000, 0.00000), (0.00000, 0.00000), (0.00000, 0.00000), (0.00000, 0.00000), (0.00000, 0.00000), (0.00000, 0.00000), (0.00000, 0.00000), (0.00000, 0.00000), (0.00000, 0.00000), (0.00000, 0.00000), (0.00000, 0.00000), (0.00000, 0.00000), (0.00000, 0.00000), (0.00000, 0.00000), (0.00000, 0.00000), (0.00000, 0.00000), (0.00000, 0.00000), (0.00000, 0.00000), (0.00000, 0.00000), (0.00000, 0.00000), (0.00000, 0.00000), (0.00000, 0.00000), (0.00000, 0.00000), (0.00000, 0.00000), (0.00000, 0.00000), (0.00000, 0.00000), (0.00000, 0.00000), (0.00000, 0.00000), (0.00000, 0.00000), (0.00000, 0.00000), (0.00000, 0.00000), (0.00000, 0.00000), (0.00000, 0.00000), (0.00000, 0.00000), (0.00000, 0.00000), (0.00000, 0.00000), (0.00000, 0.00000), (0.00000, 0.00000), (0.00000, 0.00000), (0.00000, 0.00000), (0.00000, 0.00000), (0.00000, 0.00000), (0.00000, 0.00000), (0.00000, 0.00000), (0.00000, 0.00000), (0.00000, 0.00000), (0.00000, 0.00000), (0.00000, 0.00000), (0.00000, 0.00000), (0.00000, 0.00000), (0.00000, 0.00000), (0.00000, 0.00000), (0.00000, 0.00000), (0.00000, 0.00000), (0.00000, 0.00000), (0.00000, 0.00000), (0.00000, 0.00000), (0.00000, 0.00000), (0.00000, 0.00000), (0.00000, 0.00000), (0.00000, 0.00000), (0.00000, 0.00000), (0.00000, 0.00000), (0.00000, 0.00000), (0.00000, 0.00000), (0.00000, 0.00000), (0.00000, 0.00000), (0.00000, 0.00000), (0.00000, 0.00000), (0.00000, 0.00000), (0.00000, 0.00000), (0.00000, 0.00000), (0.00000, 0.00000), (0.00000, 0.00000), (0.00000, 0.00000), (0.00000, 0.00000), (0.00000, 0.00000), (0.00000, 0.00000), (0.00000, 0.00000), (0.00000, 0.00000), (0.00000, 0.00000), (0.00000, 0.00000), (0.00000, 0.00000), (0.00000, 0.00000), (0.00000, 0.00000), (0.00000, 0.00000), (0.00000, 0.00000), (0.00000, 0.00000), (0.00000, 0.00000), (0.00000, 0.00000), (0.00000, 0.00000), (0.00000, 0.00000), (0.00000, 0.00000), (0.00000, 0.00000), (0.00000, 0.00000), (0.00000, 0.00000), (0.00000, 0.00000), (0.00000, 0.00000), (0.00000, 0.00000), (0.00000, 0.00000), (0.00000, 0.00000), (0.00000, 0.00000), (0.00000, 0.00000), (0.00000, 0.00000), (0.00000, 0.00000), (0.00000, 0.00000), (0.00000, 0.00000), (0.00000, 0.00000), (0.00000, 0.00000), (0.00000, 0.00000), (0.00000, 0.00000), (0.00000, 0.00000), (0.00000, 0.00000), (0.00000, 0.00000), (0.00000, 0.00000), (0.00000, 0.00000), (0.00000, 0.00000), (0.00000, 0.00000), (0.00000, 0.00000), (0.00000, 0.00000), (0.00000, 0.00000), (0.00000, 0.00000), (0.00000, 0.00000), (0.00000, 0.00000), (0.00000, 0.00000), (0.00000, 0.00000), (0.00000, 0.00000), (0.00000, 0.00000), (0.00000, 0.00000), (0.00000, 0.00000), (0.00000, 0.00000), (0.00000, 0.00000), (0.00000, 0.00000), (0.00000, 0.00000), (0.00000, 0.00000), (0.00000, 0.00000), (0.00000, 0.00000), (0.00000, 0.00000), (0.00000, 0.00000), (0.00000, 0.00000), (0.00000, 0.00000), (0.00000, 0.00000), (0.00000, 0.00000), (0.00000, 0.00000), (0.00000, 0.00000), (0.00000, 0.00000), (0.00000, 0.00000), (0.00000, 0.00000), (0.00000, 0.00000), (0.00000, 0.00000), (0.00000, 0.00000), (0.00000, 0.00000), (0.00000, 0.00000), (0.00000, 0.00000), (0.00000, 0.00000), (0.00000, 0.00000), (0.00000, 0.00000), (0.00000, 0.00000), (0.00000, 0.00000), (0.00000, 0.00000), (0.00000, 0.00000), (0.00000, 0.00000), (0.00000, 0.00000), (0.00000, 0.00000), (0.00000, 0.00000), (0.00000, 0.00000), (0.00000, 0.00000), (0.00000, 0.00000), (0.00000, 0.00000), (0.00000, 0.00000), (0.00000, 0.00000), (0.00000, 0.00000), (0.00000, 0.00000), (0.00000, 0.00000), (0.00000, 0.00000), (0.00000, 0.00000), (0.00000, 0.00000), (0.00000, 0.00000), (0.00000, 0.00000), (0.00000, 0.00000), (0.00000, 0.00000), (0.00000, 0.00000), (0.00000, 0.00000), (0.00000, 0.00000), (0.00000, 0.00000), (0.00000, 0.00000), (0.00000, 0.00000), (0.00000, 0.00000), (0.00000, 0.00000), (0.00000, 0.00000), (0.00000, 0.00000), (0.00000, 0.00000), (0.00000, 0.00000), (0.00000, 0.00000), (0.00000, 0.00000), (0.00000, 0.00000), (0.00000, 0.00000), (0.00000, 0.00000), (0.00000, 0.00000), (0.00000, 0.00000), (0.00000, 0.00000), (0.00000, 0.00000), (0.00000, 0.00000), (0.00000, 0.00000), (0.00000, 0.00000), (0.00000, 0.00000), (0.00000, 0.00000), (0.00000, 0.00000), (0.00000, 0.00000), (0.00000, 0.00000), (0.00000, 0.00000), (0.00000, 0.00000), (0.00000, 0.00000), (0.00000, 0.00000), (0.00000, 0.00000), (0.00000, 0.00000), (0.00000, 0.00000), (0.00000, 0.00000), (0.00000, 0.00000), (0.00000, 0.00000), (0.00000, 0.00000), (0.00000, 0.00000), (0.00000, 0.00000), (0.00000, 0.00000), (0.00000, 0.00000), (0.00000, 0.00000), (0.00000, 0.00000), (0.00000, 0.00000), (0.00000, 0.00000), (0.00000, 0.00000), (0.00000, 0.00000), (0.00000, 0.00000), (0.00000, 0.00000), (0.00000, 0.00000), (0.00000, 0.00000), (0.00000, 0.00000), (0.00000, 0.00000), (0.00000, 0.00000), (0.00000, 0.00000), (0.00000, 0.00000), (0.00000, 0.00000), (0.00000, 0.00000), (0.00000, 0.00000), (0.00000, 0.00000), (0.00000, 0.00000), (0.00000, 0.00000), (0.00000, 0.00000), (0.00000, 0.00000), (0.00000, 0.00000), (0.00000, 0.00000), (0.00000, 0.00000), (0.00000, 0.00000), (0.00000, 0.00000), (0.00000, 0.00000), (0.00000, 0.00000), (0.00000, 0.00000), (0.00000, 0.00000), (0.00000, 0.00000), (0.00000, 0.00000), (0.00000, 0.00000), (0.00000, 0.00000), (0.00000, 0.00000), (0.00000, 0.00000), (0.00000, 0.00000), (0.00000, 0.00000), (0.00000, 0.00000), (0.00000, 0.00000), (0.00000, 0.00000), (0.00000, 0.00000), (0.00000, 0.00000), (0.00000, 0.00000), (0.00000, 0.00000), (0.00000, 0.00000), (0.00000, 0.00000), (0.00000, 0.00000), (0.00000, 0.00000), (0.00000, 0.00000), (0.00000, 0.00000), (0.00000, 0.00000), (0.00000, 0.00000), (0.00000, 0.00000), (0.00000, 0.00000), (0.00000, 0.00000), (0.00000, 0.00000), (0.00000, 0.00000), (0.00000, 0.00000), (0.00000, 0.00000), (0.00000, 0.00000), (0.00000, 0.00000), (0.00000, 0.00000), (0.00000, 0.00000), (0.00000, 0.00000), (0.00000, 0.00000), (0.00000, 0.00000), (0.00000, 0.00000), (0.00000, 0.00000), (0.00000, 0.00000), (0.00000, 0.00000), (0.00000, 0.00000), (0.00000, 0.00000), (0.00000, 0.00000), (0.00000, 0.00000), (0.00000, 0.00000), (0.00000, 0.00000), (0.00000, 0.00000), (0.00000, 0.00000), (0.00000, 0.00000), (0.00000, 0.00000), (0.00000, 0.00000), (0.00000, 0.00000), (0.00000, 0.00000), (0.00000, 0.00000), (0.00000, 0.00000), (0.00000, 0.00000), (0.00000, 0.00000), (0.00000, 0.00000), (0.00000, 0.00000), (0.00000, 0.00000), (0.00000, 0.00000), (0.00000, 0.00000), (0.00000, 0.00000), (0.00000, 0.00000), (0.00000, 0.00000), (0.00000, 0.00000), (0.00000, 0.00000), (0.00000, 0.00000), (0.00000, 0.00000), (0.00000, 0.00000), (0.00000, 0.00000), (0.00000, 0.00000), (0.00000, 0.00000), (0.00000, 0.00000), (0.00000, 0.00000), (0.00000, 0.00000), (0.00000, 0.00000), (0.00000, 0.00000), (0.00000, 0.00000), (0.00000, 0.00000), (0.00000, 0.00000), (0.00000, 0.00000), (0.00000, 0.00000), (0.00000, 0.00000), (0.00000, 0.00000), (0.00000, 0.00000), (0.00000, 0.00000), (0.00000, 0.00000), (0.00000, 0.00000), (0.00000, 0.00000), (0.00000, 0.00000), (0.00000, 0.00000), (0.00000, 0.00000), (0.00000, 0.00000), (0.00000, 0.00000), (0.00000, 0.00000), (0.00000, 0.00000), (0.00000, 0.00000), (0.00000, 0.00000), (0.00000, 0.00000), (0.00000, 0.00000), (0.00000, 0.00000), (0.00000, 0.00000), (0.00000, 0.00000), (0.00000, 0.00000), (0.00000, 0.00000), (0.00000, 0.00000), (0.00000, 0.00000), (0.00000, 0.00000), (0.00000, 0.00000), (0.00000, 0.00000), (0.00000, 0.00000), (0.00000, 0.00000), (0.00000, 0.00000), (0.00000, 0.00000), (0.00000, 0.00000), (0.00000, 0.00000), (0.00000, 0.00000), (0.00000, 0.00000), (0.00000, 0.00000), (0.00000, 0.00000), (0.00000, 0.00000), (0.00000, 0.00000), (0.00000, 0.00000), (0.00000, 0.00000), (0.00000, 0.00000), (0.00000, 0.00000), (0.00000, 0.00000), (0.00000, 0.00000), (0.00000, 0.00000), (0.00000, 0.00000), (0.00000, 0.00000), (0.00000, 0.00000), (0.00000, 0.00000), (0.00000, 0.00000), (0.00000, 0.00000), (0.00000, 0.00000), (0.00000, 0.00000), (0.00000, 0.00000), (0.00000, 0.00000), (0.00000, 0.00000), (0.00000, 0.00000), (0.00000, 0.00000), (0.00000, 0.00000), (0.00000, 0.00000), (0.00000, 0.00000), (0.00000, 0.00000), (0.00000, 0.00000), (0.00000, 0.00000), (0.00000, 0.00000), (0.00000, 0.00000), (0.00000, 0.00000), (0.00000, 0.00000), (0.00000, 0.00000), (0.00000, 0.00000), (0.00000, 0.00000), (0.00000, 0.00000), (0.00000, 0.00000), (0.00000, 0.00000), (0.00000, 0.00000), (0.00000, 0.00000), (0.00000, 0.00000), (0.00000, 0.00000), (0.00000, 0.00000), (0.00000, 0.00000), (0.00000, 0.00000), (0.00000, 0.00000), (0.00000, 0.00000), (0.00000, 0.00000), (0.00000, 0.00000), (0.00000, 0.00000), (0.00000, 0.00000), (0.00000, 0.00000), (0.00000, 0.00000), (0.00000, 0.00000), (0.00000, 0.00000), (0.00000, 0.00000), (0.00000, 0.00000), (0.00000, 0.00000), (0.00000, 0.00000), (0.00000, 0.00000), (0.00000, 0.00000), (0.00000, 0.00000), (0.00000, 0.00000), (0.00000, 0.00000), (0.00000, 0.00000), (0.00000, 0.00000), (0.00000, 0.00000), (0.00000, 0.00000), (0.00000, 0.00000), (0.00000, 0.00000), (0.00000, 0.00000), (0.00000, 0.00000), (0.00000, 0.00000), (0.00000, 0.00000), (0.00000, 0.00000), (0.00000, 0.00000), (0.00000, 0.00000), (0.00000, 0.00000), (0.00000, 0.00000), (0.00000, 0.00000), (0.00000, 0.00000), (0.00000, 0.00000), (0.00000, 0.00000), (0.00000, 0.00000), (0.00000, 0.00000), (0.00000, 0.00000), (0.00000, 0.00000), (0.00000, 0.00000), (0.00000, 0.00000), (0.00000, 0.00000), (0.00000, 0.00000), (0.00000, 0.00000), (0.00000, 0.00000), (0.00000, 0.00000), (0.00000, 0.00000), (0.00000, 0.00000), (0.00000, 0.00000), (0.00000, 0.00000), (0.00000, 0.00000), (0.00000, 0.00000), (0.00000, 0.00000), (0.00000, 0.00000), (0.00000, 0.00000), (0.00000, 0.00000), (0.00000, 0.00000), (0.00000, 0.00000), (0.00000, 0.00000), (0.00000, 0.00000), (0.00000, 0.00000), (0.00000, 0.00000), (0.00000, 0.00000), (0.00000, 0.00000), (0.00000, 0.00000), (0.00000, 0.00000), (0.00000, 0.00000), (0.00000, 0.00000), (0.00000, 0.00000), (0.00000, 0.00000), (0.00000, 0.00000), (0.00000, 0.00000), (0.00000, 0.00000), (0.00000, 0.00000), (0.00000, 0.00000), (0.00000, 0.00000), (0.00000, 0.00000), (0.00000, 0.00000), (0.00000, 0.00000), (0.00000, 0.00000), (0.00000, 0.00000), (0.00000, 0.00000), (0.00000, 0.00000), (0.00000, 0.00000), (0.00000, 0.00000), (0.00000, 0.00000), (0.00000, 0.00000), (0.00000, 0.00000), (0.00000, 0.00000), (0.00000, 0.00000), (0.00000, 0.00000), (0.00000, 0.00000), (0.00000, 0.00000), (0.00000, 0.00000), (0.00000, 0.00000), (0.00000, 0.00000), (0.00000, 0.00000), (0.00000, 0.00000), (0.00000, 0.00000), (0.00000, 0.00000), (0.00000, 0.00000), (0.00000, 0.00000), (0.00000, 0.00000), (0.00000, 0.00000), (0.00000, 0.00000), (0.00000, 0.00000), (0.00000, 0.00000), (0.00000, 0.00000), (0.00000, 0.00000), (0.00000, 0.00000), (0.00000, 0.00000), (0.00000, 0.00000), (0.00000, 0.00000), (0.00000, 0.00000), (0.00000, 0.00000), (0.00000, 0.00000), (0.00000, 0.00000), (0.00000, 0.00000), (0.00000, 0.00000), (0.00000, 0.00000), (0.00000, 0.00000), (0.00000, 0.00000), (0.00000, 0.00000), (0.00000, 0.00000), (0.00000, 0.00000), (0.00000, 0.00000), (0.00000, 0.00000), (0.00000, 0.00000), (0.00000, 0.00000), (0.00000, 0.00000), (0.00000, 0.00000), (0.00000, 0.00000), (0.00000, 0.00000), (0.00000, 0.00000), (0.00000, 0.00000), (0.00000, 0.00000), (0.00000, 0.00000), (0.00000, 0.00000), (0.00000, 0.00000), (0.00000, 0.00000), (0.00000, 0.00000), (0.00000, 0.00000), (0.00000, 0.00000), (0.00000, 0.00000), (0.00000, 0.00000), (0.00000, 0.00000), (0.00000, 0.00000), (0.00000, 0.00000), (0.00000, 0.00000), (0.00000, 0.00000), (0.00000, 0.00000), (0.00000, 0.00000), (0.00000, 0.00000), (0.00000, 0.00000), (0.00000, 0.00000), (0.00000, 0.00000), (0.00000, 0.00000), (0.00000, 0.00000), (0.00000, 0.00000), (0.00000, 0.00000), (0.00000, 0.00000), (0.00000, 0.00000), (0.00000, 0.00000), (0.00000, 0.00000), (0.00000, 0.00000), (0.00000, 0.00000), (0.00000, 0.00000), (0.00000, 0.00000), (0.00000, 0.00000), (0.00000, 0.00000), (0.00000, 0.00000), (0.00000, 0.00000), (0.00000, 0.00000), (0.00000, 0.00000), (0.00000, 0.00000), (0.00000, 0.00000), (0.00000, 0.00000), (0.00000, 0.00000), (0.00000, 0.00000), (0.00000, 0.00000), (0.00000, 0.00000), (0.00000, 0.00000), (0.00000, 0.00000), (0.00000, 0.00000), (0.00000, 0.00000), (0.00000, 0.00000), (0.00000, 0.00000), (0.00000, 0.00000), (0.00000, 0.00000), (0.00000, 0.00000), (0.00000, 0.00000), (0.00000, 0.00000), (0.00000, 0.00000), (0.00000, 0.00000), (0.00000, 0.00000), (0.00000, 0.00000), (0.00000, 0.00000), (0.00000, 0.00000), (0.00000, 0.00000), (0.00000, 0.00000), (0.00000, 0.00000), (0.00000, 0.00000), (0.00000, 0.00000), (0.00000, 0.00000), (0.00000, 0.00000), (0.00000, 0.00000), (0.00000, 0.00000), (0.00000, 0.00000), (0.00000, 0.00000), (0.00000, 0.00000), (0.00000, 0.00000), (0.00000, 0.00000), (0.00000, 0.00000), (0.00000, 0.00000), (0.00000, 0.00000), (0.00000, 0.00000), (0.00000, 0.00000), (0.00000, 0.00000), (0.00000, 0.00000), (0.00000, 0.00000), (0.00000, 0.00000), (0.00000, 0.00000), (0.00000, 0.00000), (0.00000, 0.00000), (0.00000, 0.00000), (0.00000, 0.00000), (0.00000, 0.00000), (0.00000, 0.00000), (0.00000, 0.00000), (0.00000, 0.00000), (0.00000, 0.00000), (0.00000, 0.00000), (0.00000, 0.00000), (0.00000, 0.00000), (0.00000, 0.00000), (0.00000, 0.00000), (0.00000, 0.00000), (0.00000, 0.00000), (0.00000, 0.00000), (0.00000, 0.00000), (0.00000, 0.00000), (0.00000, 0.00000), (0.00000, 0.00000), (0.00000, 0.00000), (0.00000, 0.00000), (0.00000, 0.00000), (0.00000, 0.00000), (0.00000, 0.00000), (0.00000, 0.00000), (0.00000, 0.00000), (0.00000, 0.00000), (0.00000, 0.00000), (0.00000, 0.00000), (0.00000, 0.00000), (0.00000, 0.00000), (0.00000, 0.00000), (0.00000, 0.00000), (0.00000, 0.00000), (0.00000, 0.00000), (0.00000, 0.00000), (0.00000, 0.00000), (0.00000, 0.00000), (0.00000, 0.00000), (0.00000, 0.00000), (0.00000, 0.00000), (0.00000, 0.00000), (0.00000, 0.00000), (0.00000, 0.00000), (0.00000, 0.00000), (0.00000, 0.00000), (0.00000, 0.00000), (0.00000, 0.00000), (0.00000, 0.00000), (0.00000, 0.00000), (0.00000, 0.00000), (0.00000, 0.00000), (0.00000, 0.00000), (0.00000, 0.00000), (0.00000, 0.00000), (0.00000, 0.00000), (0.00000, 0.00000), (0.00000, 0.00000), (0.00000, 0.00000), (0.00000, 0.00000), (0.00000, 0.00000), (0.00000, 0.00000), (0.00000, 0.00000), (0.00000, 0.00000), (0.00000, 0.00000), (0.00000, 0.00000), (0.00000, 0.00000), (0.00000, 0.00000), (0.00000, 0.00000), (0.00000, 0.00000), (0.00000, 0.00000), (0.00000, 0.00000), (0.00000, 0.00000), (0.00000, 0.00000), (0.00000, 0.00000), (0.00000, 0.00000), (0.00000, 0.00000), (0.00000, 0.00000), (0.00000, 0.00000), (0.00000, 0.00000), (0.00000, 0.00000), (0.00000, 0.00000), (0.00000, 0.00000), (0.00000, 0.00000), (0.00000, 0.00000), (0.00000, 0.00000), (0.00000, 0.00000), (0.00000, 0.00000), (0.00000, 0.00000), (0.00000, 0.00000), (0.00000, 0.00000), (0.00000, 0.00000), (0.00000, 0.00000), (0.00000, 0.00000), (0.00000, 0.00000), (0.00000, 0.00000), (0.00000, 0.00000), (0.00000, 0.00000), (0.00000, 0.00000), (0.00000, 0.00000), (0.00000, 0.00000), (0.00000, 0.00000), (0.00000, 0.00000), (0.00000, 0.00000), (0.00000, 0.00000), (0.00000, 0.00000), (0.00000, 0.00000), (0.00000, 0.00000), (0.00000, 0.00000), (0.00000, 0.00000), (0.00000, 0.00000), (0.00000, 0.00000), (0.00000, 0.00000), (0.00000, 0.00000), (0.00000, 0.00000), (0.00000, 0.00000), (0.00000, 0.00000), (0.00000, 0.00000), (0.00000, 0.00000), (0.00000, 0.00000), (0.00000, 0.00000), (0.00000, 0.00000), (0.00000, 0.00000), (0.00000, 0.00000), (0.00000, 0.00000), (0.00000, 0.00000), (0.00000, 0.00000), (0.00000, 0.00000), (0.00000, 0.00000), (0.00000, 0.00000), (0.00000, 0.00000), (0.00000, 0.00000), (0.00000, 0.00000), (0.00000, 0.00000), (0.00000, 0.00000), (0.00000, 0.00000), (0.00000, 0.00000), (0.00000, 0.00000), (0.00000, 0.00000), (0.00000, 0.00000), (0.00000, 0.00000), (0.00000, 0.00000), (0.00000, 0.00000), (0.00000, 0.00000), (0.00000, 0.00000), (0.00000, 0.00000), (0.00000, 0.00000), (0.00000, 0.00000), (0.00000, 0.00000), (0.00000, 0.00000), (0.00000, 0.00000), (0.00000, 0.00000), (0.00000, 0.00000), (0.00000, 0.00000), (0.00000, 0.00000), (0.00000, 0.00000), (0.00000, 0.00000), (0.00000, 0.00000), (0.00000, 0.00000), (0.00000, 0.00000), (0.00000, 0.00000), (0.00000, 0.00000), (0.00000, 0.00000), (0.00000, 0.00000), (0.00000, 0.00000), (0.00000, 0.00000), (0.00000, 0.00000), (0.00000, 0.00000), (0.00000, 0.00000), (0.00000, 0.00000), (0.00000, 0.00000), (0.00000, 0.00000), (0.00000, 0.00000), (0.00000, 0.00000), (0.00000, 0.00000), (0.00000, 0.00000), (0.00000, 0.00000), (0.00000, 0.00000), (0.00000, 0.00000), (0.00000, 0.00000), (0.00000, 0.00000), (0.00000, 0.00000), (0.00000, 0.00000), (0.00000, 0.00000), (0.00000, 0.00000), (0.00000, 0.00000), (0.00000, 0.00000), (0.00000, 0.00000), (0.00000, 0.00000), (0.00000, 0.00000), (0.00000, 0.00000), (0.00000, 0.00000), (0.00000, 0.00000), (0.00000, 0.00000), (0.00000, 0.00000), (0.00000, 0.00000), (0.00000, 0.00000), (0.00000, 0.00000), (0.00000, 0.00000), (0.00000, 0.00000), (0.00000, 0.00000), (0.00000, 0.00000), (0.00000, 0.00000), (0.00000, 0.00000), (0.00000, 0.00000), (0.00000, 0.00000), (0.00000, 0.00000), (0.00000, 0.00000), (0.00000, 0.00000), (0.00000, 0.00000), (0.00000, 0.00000), (0.00000, 0.00000), (0.00000, 0.00000), (0.00000, 0.00000), (0.00000, 0.00000), (0.00000, 0.00000), (0.00000, 0.00000), (0.00000, 0.00000), (0.00000, 0.00000), (0.00000, 0.00000), (0.00000, 0.00000), (0.00000, 0.00000), (0.00000, 0.00000), (0.00000, 0.00000), (0.00000, 0.00000), (0.00000, 0.00000), (0.00000, 0.00000), (0.00000, 0.00000), (0.00000, 0.00000), (0.00000, 0.00000), (0.00000, 0.00000), (0.00000, 0.00000), (0.00000, 0.00000), (0.00000, 0.00000), (0.00000, 0.00000), (0.00000, 0.00000), (0.00000, 0.00000), (0.00000, 0.00000), (0.00000, 0.00000), (0.00000, 0.00000), (0.00000, 0.00000), (0.00000, 0.00000), (0.00000, 0.00000), (0.00000, 0.00000), (0.00000, 0.00000), (0.00000, 0.00000), (0.00000, 0.00000), (0.00000, 0.00000), (0.00000, 0.00000), (0.00000, 0.00000), (0.00000, 0.00000), (0.00000, 0.00000), (0.00000, 0.00000), (0.00000, 0.00000), (0.00000, 0.00000), (0.00000, 0.00000), (0.00000, 0.00000), (0.00000, 0.00000), (0.00000, 0.00000), (0.00000, 0.00000), (0.00000, 0.00000), (0.00000, 0.00000), (0.00000, 0.00000), (0.00000, 0.00000), (0.00000, 0.00000), (0.00000, 0.00000), (0.00000, 0.00000), (0.00000, 0.00000), (0.00000, 0.00000), (0.00000, 0.00000), (0.00000, 0.00000), (0.00000, 0.00000), (0.00000, 0.00000), (0.00000, 0.00000), (0.00000, 0.00000), (0.00000, 0.00000), (0.00000, 0.00000), (0.00000, 0.00000), (0.00000, 0.00000), (0.00000, 0.00000), (0.00000, 0.00000), (0.00000, 0.00000), (0.00000, 0.00000), (0.00000, 0.00000), (0.00000, 0.00000), (0.00000, 0.00000), (0.00000, 0.00000), (0.00000, 0.00000), (0.00000, 0.00000), (0.00000, 0.00000), (0.00000, 0.00000), (0.00000, 0.00000), (0.00000, 0.00000), (0.00000, 0.00000), (0.00000, 0.00000), (0.00000, 0.00000), (0.00000, 0.00000), (0.00000, 0.00000), (0.00000, 0.00000), (0.00000, 0.00000), (0.00000, 0.00000), (0.00000, 0.00000), (0.00000, 0.00000), (0.00000, 0.00000), (0.00000, 0.00000), (0.00000, 0.00000), (0.00000, 0.00000), (0.00000, 0.00000), (0.00000, 0.00000), (0.00000, 0.00000), (0.00000, 0.00000), (0.00000, 0.00000), (0.00000, 0.00000)] (
            interpolation = "faceVarying"
        )
        float3[] extent = [(-0.03550, -0.03550, -0.02900), (0.03550, 0.03550, 0.02900)]
        uniform token subdivisionScheme = "none"
        uniform token physics:approximation = "convexHull"
        rel material:binding = </fig_can/Looks/Steel> (
            bindMaterialAs = "weakerThanDescendants"
        )

        def GeomSubset "label" (
            prepend apiSchemas = ["MaterialBindingAPI"]
        )
        {
            uniform token elementType = "face"
            uniform token familyName = "materialBind"
            int[] indices = [144, 145, 146, 147, 148, 149, 150, 151, 152, 153, 154, 155, 156, 157, 158, 159, 160, 161, 162, 163, 164, 165, 166, 167, 168, 169, 170, 171, 172, 173, 174, 175, 176, 177, 178, 179, 180, 181, 182, 183, 184, 185, 186, 187, 188, 189, 190, 191, 192, 193, 194, 195, 196, 197, 198, 199, 200, 201, 202, 203, 204, 205, 206, 207, 208, 209, 210, 211, 212, 213, 214, 215, 216, 217, 218, 219, 220, 221, 222, 223, 224, 225, 226, 227, 228, 229, 230, 231, 232, 233, 234, 235, 236, 237, 238, 239, 240, 241, 242, 243, 244, 245, 246, 247, 248, 249, 250, 251, 252, 253, 254, 255, 256, 257, 258, 259, 260, 261, 262, 263, 264, 265, 266, 267, 268, 269, 270, 271, 272, 273, 274, 275, 276, 277, 278, 279, 280, 281, 282, 283, 284, 285, 286, 287, 288, 289, 290, 291, 292, 293, 294, 295, 296, 297, 298, 299, 300, 301, 302, 303, 304, 305, 306, 307, 308, 309, 310, 311, 312, 313, 314, 315, 316, 317, 318, 319, 320, 321, 322, 323, 324, 325, 326, 327, 328, 329, 330, 331, 332, 333, 334, 335, 336, 337, 338, 339, 340, 341, 342, 343, 344, 345, 346, 347, 348, 349, 350, 351, 352, 353, 354, 355, 356, 357, 358, 359, 360, 361, 362, 363, 364, 365, 366, 367, 368, 369, 370, 371, 372, 373, 374, 375, 376, 377, 378, 379, 380, 381, 382, 383, 384, 385, 386, 387, 388, 389, 390, 391, 392, 393, 394, 395, 396, 397, 398, 399, 400, 401, 402, 403, 404, 405, 406, 407, 408, 409, 410, 411, 412, 413, 414, 415, 416, 417, 418, 419, 420, 421, 422, 423, 424, 425, 426, 427, 428, 429, 430, 431, 432, 433, 434, 435, 436, 437, 438, 439, 440, 441, 442, 443, 444, 445, 446, 447, 448, 449, 450, 451, 452, 453, 454, 455, 456, 457, 458, 459, 460, 461, 462, 463, 464, 465, 466, 467, 468, 469, 470, 471, 472, 473, 474, 475, 476, 477, 478, 479, 480, 481, 482, 483, 484, 485, 486, 487, 488, 489, 490, 491, 492, 493, 494, 495, 496, 497, 498, 499, 500, 501, 502, 503, 504, 505, 506, 507, 508, 509, 510, 511, 512, 513, 514, 515, 516, 517, 518, 519, 520, 521, 522, 523, 524, 525, 526, 527, 528, 529, 530, 531, 532, 533, 534, 535, 536, 537, 538, 539, 540, 541, 542, 543, 544, 545, 546, 547, 548, 549, 550, 551, 552, 553, 554, 555, 556, 557, 558, 559, 560, 561, 562, 563, 564, 565, 566, 567, 568, 569, 570, 571, 572, 573, 574, 575, 576, 577, 578, 579, 580, 581, 582, 583, 584, 585, 586, 587, 588, 589, 590, 591, 592, 593, 594, 595, 596, 597, 598, 599, 600, 601, 602, 603, 604, 605, 606, 607, 608, 609, 610, 611, 612, 613, 614, 615, 616, 617, 618, 619, 620, 621, 622, 623, 624, 625, 626, 627, 628, 629, 630, 631, 632, 633, 634, 635, 636, 637, 638, 639, 640, 641, 642, 643, 644, 645, 646, 647, 648, 649, 650, 651, 652, 653, 654, 655, 656, 657, 658, 659, 660, 661, 662, 663, 664, 665, 666, 667, 668, 669, 670, 671, 672, 673, 674, 675, 676, 677, 678, 679, 680, 681, 682, 683, 684, 685, 686, 687, 688, 689, 690, 691, 692, 693, 694, 695, 696, 697, 698, 699, 700, 701, 702, 703, 704, 705, 706, 707, 708, 709, 710, 711, 712, 713, 714, 715, 716, 717, 718, 719]
            rel material:binding = </fig_can/Looks/CanLabel>
        }

        def GeomSubset "rim_top" (
            prepend apiSchemas = ["MaterialBindingAPI"]
        )
        {
            uniform token elementType = "face"
            uniform token familyName = "materialBind"
            int[] indices = [720, 721, 722, 723, 724, 725, 726, 727, 728, 729, 730, 731, 732, 733, 734, 735, 736, 737, 738, 739, 740, 741, 742, 743, 744, 745, 746, 747, 748, 749, 750, 751, 752, 753, 754, 755, 756, 757, 758, 759, 760, 761, 762, 763, 764, 765, 766, 767, 768, 769, 770, 771, 772, 773, 774, 775, 776, 777, 778, 779, 780, 781, 782, 783, 784, 785, 786, 787, 788, 789, 790, 791, 792, 793, 794, 795, 796, 797, 798, 799, 800, 801, 802, 803, 804, 805, 806, 807, 808, 809, 810, 811, 812, 813, 814, 815, 816, 817, 818, 819, 820, 821, 822, 823, 824, 825, 826, 827, 828, 829, 830, 831, 832, 833, 834, 835, 836, 837, 838, 839, 840, 841, 842, 843, 844, 845, 846, 847, 848, 849, 850, 851, 852, 853, 854, 855, 856, 857, 858, 859, 860, 861, 862, 863, 864, 865, 866, 867, 868, 869, 870, 871, 872, 873, 874, 875, 876, 877, 878, 879, 880, 881, 882, 883, 884, 885, 886, 887, 888, 889, 890, 891, 892, 893, 894, 895, 896, 897, 898, 899, 900, 901, 902, 903, 904, 905, 906, 907, 908, 909, 910, 911, 912, 913, 914, 915, 916, 917, 918, 919, 920, 921, 922, 923, 924, 925, 926, 927, 928, 929, 930, 931, 932, 933, 934, 935, 1368, 1369, 1370, 1371, 1372, 1373, 1374, 1375, 1376, 1377, 1378, 1379, 1380, 1381, 1382, 1383, 1384, 1385, 1386, 1387, 1388, 1389, 1390, 1391, 1392, 1393, 1394, 1395, 1396, 1397, 1398, 1399, 1400, 1401, 1402, 1403, 1404, 1405, 1406, 1407, 1408, 1409, 1410, 1411, 1412, 1413, 1414, 1415, 1416, 1417, 1418, 1419, 1420, 1421, 1422, 1423, 1424, 1425, 1426, 1427, 1428, 1429, 1430, 1431, 1432, 1433, 1434, 1435, 1436, 1437, 1438, 1439, 1440, 1441, 1442, 1443, 1444, 1445, 1446, 1447, 1448, 1449, 1450, 1451, 1452, 1453, 1454, 1455, 1456, 1457, 1458, 1459, 1460, 1461, 1462, 1463, 1464, 1465, 1466, 1467, 1468, 1469, 1470, 1471, 1472, 1473, 1474, 1475, 1476, 1477, 1478, 1479, 1480, 1481, 1482, 1483, 1484, 1485, 1486, 1487, 1488, 1489, 1490, 1491, 1492, 1493, 1494, 1495, 1496, 1497, 1498, 1499, 1500, 1501, 1502, 1503, 1504, 1505, 1506, 1507, 1508, 1509, 1510, 1511, 1512, 1513, 1514, 1515, 1516, 1517, 1518, 1519, 1520, 1521, 1522, 1523, 1524, 1525, 1526, 1527, 1528, 1529, 1530, 1531, 1532, 1533, 1534, 1535, 1536, 1537, 1538, 1539, 1540, 1541, 1542, 1543, 1544, 1545, 1546, 1547, 1548, 1549, 1550, 1551, 1552, 1553, 1554, 1555, 1556, 1557, 1558, 1559, 1560, 1561, 1562, 1563, 1564, 1565, 1566, 1567, 1568, 1569, 1570, 1571, 1572, 1573, 1574, 1575, 1576, 1577, 1578, 1579, 1580, 1581, 1582, 1583]
            rel material:binding = </fig_can/Looks/RimBand>
        }
    }
}
